SensorId, TimeStamp (s), FrameNumber, AccX (g), AccY (g), AccZ (g), GyroX (deg/s), GyroY (deg/s), GyroZ (deg/s), MagX (uT), MagY (uT), MagZ (uT), EulerX (deg), EulerY (deg), EulerZ (deg), QuatW, QuatX, QuatY, QuatZ, LinAccX (g), LinAccY (g), LinAccZ (g), Pressure (kPa), Altitude (m), Temperature (degC), HeaveMotion (m)
1,-0.0001,0,1.0046,-0.0287,-0.0845,0.2652,1.7528,-1.0828,14.9664,28.442,-87.7229,20.8264,85.1994,48.3631,0.7106,0.1513,-0.6618,-0.185,-0.0082,-0.0012,0.0061,0,0,0,0
1,0.0099,1,1.0088,-0.0394,-0.0844,0.0816,1.8979,-0.6997,14.5571,27.3897,-87.9567,21.0918,85.1947,48.594,0.7106,0.151,-0.6619,-0.1849,-0.0123,0.0096,0.0063,0,0,0,0
1,0.0199,2,1.0139,-0.0311,-0.0849,0.0054,1.7041,1.2106,15.2587,27.4773,-87.2844,21.2991,85.2063,48.802,0.7104,0.151,-0.662,-0.1849,-0.0174,0.0008,0.0069,0,0,0,0
1,0.0299,3,1.0127,-0.0273,-0.0819,-0.2611,1.2891,3.043,15.171,27.682,-87.6352,21.6905,85.2073,49.1974,0.7103,0.1508,-0.6621,-0.1851,-0.0162,-0.0034,0.0041,0,0,0,0
1,0.0399,4,1.0041,-0.0256,-0.0787,-0.5027,0.6696,3.2167,15.171,27.682,-87.6352,22.0714,85.2016,49.5846,0.7102,0.1507,-0.6622,-0.1853,-0.0076,-0.0056,0.0011,0,0,0,0
1,0.0499,5,0.9957,-0.0201,-0.0782,-0.2802,0.1641,2.9133,14.6741,28.8512,-87.0213,22.3975,85.1922,49.9146,0.7102,0.1505,-0.6623,-0.1855,0.0007,-0.0117,0.0007,0,0,0,0
1,0.0599,6,0.99,-0.0138,-0.0752,0.2603,-0.1132,2.3767,15.0833,26.7466,-87.3137,22.1388,85.2013,49.6913,0.7101,0.1509,-0.6622,-0.1856,0.0065,-0.0182,-0.0022,0,0,0,0
1,0.0699,7,0.9823,-0.0182,-0.0775,0.0852,-0.0139,0.8606,15.2587,27.6527,-86.9921,22.2342,85.198,49.7862,0.7101,0.1508,-0.6622,-0.1856,0.0142,-0.0135,0,0,0,0,0
1,0.0799,8,0.9749,-0.0327,-0.0828,0.242,0.1333,-0.4397,14.6448,28.5004,-86.7583,22.1939,85.2009,49.7434,0.7101,0.1508,-0.6622,-0.1856,0.0216,0.0011,0.0054,0,0,0,0
1,0.0899,9,0.9664,-0.0345,-0.0903,-0.0056,0.8011,0.2674,14.6448,28.5004,-86.7583,22.2592,85.2073,49.8089,0.7101,0.1508,-0.6623,-0.1856,0.0301,0.0028,0.0129,0,0,0,0
1,0.0999,10,0.9703,-0.042,-0.0959,-0.0403,1.4645,-0.4153,15.0833,28.2081,-86.9921,22.2784,85.2225,49.8286,0.71,0.1509,-0.6623,-0.1856,0.0262,0.0104,0.0187,0,0,0,0
1,0.1099,11,0.9787,-0.0468,-0.0957,0.3417,1.5601,-0.0233,15.3756,28.1497,-87.2552,22.4863,85.1832,49.9749,0.7102,0.1503,-0.6623,-0.1854,0.0178,0.0151,0.0186,0,0,0,0
1,0.1199,12,0.9874,-0.0383,-0.0918,0.7519,1.7075,-0.4657,15.4925,27.3312,-87.1675,22.5195,85.2008,50.0006,0.7101,0.1503,-0.6624,-0.1853,0.0091,0.0062,0.0144,0,0,0,0
1,0.1299,13,1.0039,-0.0328,-0.0885,1.0047,1.4837,-1.9815,15.4633,27.565,-86.6413,22.3775,85.222,49.848,0.7101,0.1504,-0.6625,-0.1851,-0.0073,0.001,0.0114,0,0,0,0
1,0.1399,14,1.0083,-0.0411,-0.0835,0.9098,1.3751,-0.0697,15.171,28.6174,-86.6706,22.441,85.235,49.9026,0.71,0.1503,-0.6626,-0.185,-0.0118,0.0094,0.0067,0,0,0,0
1,0.1499,15,1.012,-0.0285,-0.0785,0.3967,1.3856,2.6212,15.171,28.6174,-86.6706,22.7991,85.2379,50.258,0.7099,0.1502,-0.6627,-0.1852,-0.0154,-0.0035,0.0019,0,0,0,0
1,0.1599,16,1.0176,-0.015,-0.0728,0.2858,0.8824,2.1553,15.0833,27.9743,-86.6706,22.6763,85.2654,50.1764,0.7098,0.1506,-0.6628,-0.1853,-0.021,-0.0172,-0.0036,0,0,0,0
1,0.1699,17,1.0192,-0.0116,-0.069,0.0162,0.2326,0.4991,15.7264,28.1497,-86.7583,22.7429,85.2656,50.243,0.7097,0.1506,-0.6628,-0.1853,-0.0226,-0.0204,-0.0071,0,0,0,0
1,0.1799,18,1.0174,0.0007,-0.071,0.1935,-0.3548,-1.6182,15.6679,27.4481,-87.1383,22.5478,85.2686,50.0453,0.7098,0.1506,-0.6627,-0.1852,-0.0208,-0.0325,-0.0052,0,0,0,0
1,0.1899,19,1.014,-0.0016,-0.0771,0.5615,-0.4452,-1.3177,15.3172,28.5297,-87.0506,22.3857,85.2694,49.877,0.7098,0.1507,-0.6627,-0.1851,-0.0174,-0.0298,0.0009,0,0,0,0
1,0.1999,20,1.0005,-0.0023,-0.0775,0.4657,0.6686,3.4252,15.3172,28.5297,-87.0506,22.8036,85.2625,50.2916,0.7098,0.1505,-0.6628,-0.1853,-0.0039,-0.0295,0.0013,0,0,0,0
1,0.2099,21,1.0119,-0.0057,-0.0733,0.8419,1.0513,3.9801,14.7325,28.3835,-86.9044,23.069,85.2706,50.5726,0.7096,0.1505,-0.6629,-0.1854,-0.0153,-0.0267,-0.0026,0,0,0,0
1,0.2199,22,1.0229,-0.0142,-0.0674,1.7296,0.3579,2.9702,14.7618,27.7404,-86.0859,23.4333,85.2623,50.9207,0.7096,0.1502,-0.663,-0.1855,-0.0263,-0.0184,-0.0084,0,0,0,0
1,0.2299,23,1.0274,-0.0249,-0.0592,2.3171,-0.7794,1.0744,15.4925,27.4481,-87.3429,23.5382,85.2509,51.0027,0.7096,0.15,-0.663,-0.1855,-0.0308,-0.0081,-0.0167,0,0,0,0
1,0.2399,24,1.0243,-0.0273,-0.0579,2.4137,-1.4458,1.0962,15.2879,28.7343,-86.8459,23.6143,85.2333,51.0549,0.7097,0.1497,-0.663,-0.1854,-0.0277,-0.0058,-0.0181,0,0,0,0
1,0.2499,25,1.0143,-0.0287,-0.0579,1.8907,-1.6218,2.0759,15.2879,28.7343,-86.8459,23.7837,85.2102,51.2059,0.7098,0.1495,-0.6629,-0.1854,-0.0178,-0.0048,-0.0184,0,0,0,0
1,0.2599,26,1.0113,-0.0311,-0.0606,1.5635,-1.6552,2.801,14.7033,28.4712,-87.2844,24.0397,85.1983,51.4617,0.7098,0.1493,-0.6629,-0.1856,-0.0148,-0.0028,-0.0159,0,0,0,0
1,0.2699,27,1.0031,-0.0271,-0.0593,1.4065,-1.5481,2.5568,15.3172,28.3251,-86.9921,24.2569,85.1737,51.6655,0.7098,0.1491,-0.6629,-0.1857,-0.0066,-0.0073,-0.0173,0,0,0,0
1,0.2799,28,0.9937,-0.0393,-0.0631,0.9282,-0.8375,1.9893,15.0248,28.5881,-87.0506,24.4403,85.158,51.8403,0.7099,0.1489,-0.6629,-0.1858,0.0028,0.0045,-0.0137,0,0,0,0
1,0.2899,29,0.9897,-0.0363,-0.072,0.3131,0.2005,2.0885,15.171,29.202,-86.5829,24.6776,85.1512,52.0753,0.7098,0.1487,-0.6629,-0.1859,0.0067,0.0011,-0.0049,0,0,0,0
1,0.2999,30,0.9476,0.0221,-0.0873,0.9691,0.939,1.1932,15.2295,28.6758,-87.109,24.8612,85.1548,52.2498,0.7098,0.1486,-0.663,-0.1859,0.0488,-0.0576,0.0106,0,0,0,0
1,0.3099,31,0.9935,-0.0723,-0.0553,-0.5696,1.746,-9.9105,15.2295,28.6758,-87.109,24.235,85.2052,51.6085,0.7098,0.149,-0.6631,-0.1853,0.0029,0.0378,-0.0212,0,0,0,0
1,0.3199,32,1.0441,-0.1065,-0.0584,-1.1658,2.9285,0.4681,15.2295,28.9097,-86.6413,24.4173,85.2301,51.8032,0.7096,0.1491,-0.6633,-0.1854,-0.0476,0.0724,-0.0175,0,0,0,0
1,0.3299,33,0.9823,-0.0152,-0.07,-0.739,2.5964,5.8153,15.7556,27.2143,-86.7583,25.1732,85.2296,52.5691,0.7093,0.1488,-0.6635,-0.1858,0.0143,-0.02,-0.0054,0,0,0,0
1,0.3399,34,1.0047,-0.0346,-0.0655,0.3771,0.9502,0.556,15.4925,28.0912,-86.7875,25.2855,85.2357,52.678,0.7093,0.1488,-0.6636,-0.1858,-0.0082,-0.0008,-0.0097,0,0,0,0
1,0.3499,35,0.9885,-0.0356,-0.0648,0.7492,1.0407,0.373,14.9664,28.5004,-86.8167,25.3864,85.2436,52.7717,0.7092,0.1487,-0.6636,-0.1857,0.008,0.0001,-0.0102,0,0,0,0
1,0.3599,36,1.002,-0.0571,-0.0623,0.547,1.0972,0.9106,14.9664,28.5004,-86.8167,26.156,85.2556,53.5254,0.7089,0.1484,-0.664,-0.1859,-0.0054,0.0213,-0.0123,0,0,0,0
1,0.3699,37,1.0069,-0.0573,-0.0588,0.0976,0.7866,1.8016,14.8202,28.6758,-87.2552,26.3937,85.2547,53.7629,0.7088,0.1483,-0.664,-0.186,-0.0103,0.0207,-0.0153,0,0,0,0
1,0.3799,38,0.9991,-0.0565,-0.0612,-0.2691,-0.1738,1.0947,14.9956,26.6004,-87.109,26.4998,85.2484,53.8722,0.7088,0.1482,-0.664,-0.1861,-0.0025,0.0196,-0.0129,0,0,0,0
1,0.3899,39,0.9904,-0.0581,-0.0639,-0.6756,-0.8625,0.4628,15.0248,27.4773,-87.226,26.4972,85.2385,53.8763,0.7089,0.1482,-0.664,-0.1862,0.0061,0.0211,-0.0103,0,0,0,0
1,0.3999,40,0.9868,-0.0592,-0.0647,-0.5723,-2.0307,-0.85,15.171,27.3312,-87.0213,26.2928,85.2241,53.677,0.709,0.1483,-0.6638,-0.1862,0.0097,0.0222,-0.0098,0,0,0,0
1,0.4099,41,0.9628,-0.0618,-0.0726,-1.6433,-1.5402,0.849,15.171,27.682,-87.1967,26.4904,85.1942,53.8747,0.7091,0.1481,-0.6638,-0.1864,0.0337,0.0248,-0.0022,0,0,0,0
1,0.4199,42,0.9644,-0.0451,-0.0811,-2.7205,-0.3275,2.3199,15.171,27.682,-87.1967,26.6929,85.181,54.1053,0.709,0.1481,-0.6637,-0.1867,0.032,0.0075,0.0061,0,0,0,0
1,0.4299,43,0.9735,-0.0391,-0.0806,-2.866,-0.1325,1.1373,14.0602,28.3835,-87.5183,26.7781,85.1748,54.2195,0.709,0.1482,-0.6637,-0.1869,0.0229,0.0012,0.0055,0,0,0,0
1,0.4399,44,0.9708,-0.0367,-0.0828,-2.6813,-0.2373,-1.9969,15.171,28.1789,-87.3721,26.5269,85.1815,53.9943,0.709,0.1485,-0.6636,-0.1869,0.0257,-0.001,0.0076,0,0,0,0
1,0.4499,45,0.9735,-0.0405,-0.088,-2.3053,-0.3219,-3.6119,15.4341,27.2435,-86.8459,26.1017,85.1945,53.5908,0.709,0.1489,-0.6635,-0.1869,0.0229,0.0034,0.0128,0,0,0,0
1,0.4599,46,0.9712,-0.0461,-0.0902,-2.4404,0.3811,-2.1183,14.8495,28.1204,-87.1383,25.9137,85.18,53.4021,0.7091,0.1489,-0.6634,-0.1868,0.0253,0.0095,0.0149,0,0,0,0
1,0.4699,47,0.988,-0.0392,-0.0887,-2.7444,0.9804,0.2234,14.8495,28.1204,-87.1383,25.9607,85.1878,53.4768,0.709,0.149,-0.6634,-0.187,0.0084,0.0025,0.0132,0,0,0,0
1,0.4799,48,1.005,-0.0339,-0.0878,-2.7468,0.7152,0.653,15.3464,28.1789,-86.9629,26.0402,85.1914,53.5841,0.709,0.1492,-0.6634,-0.1872,-0.0086,-0.0028,0.0125,0,0,0,0
1,0.4899,49,1.0089,-0.0256,-0.0844,-2.3593,-0.1636,0.2572,15.171,27.185,-86.4075,26.0357,85.1888,53.6033,0.7089,0.1493,-0.6633,-0.1873,-0.0124,-0.0112,0.0091,0,0,0,0
1,0.4999,50,1.0117,-0.0234,-0.0836,-1.9951,-1.1453,-0.9424,15.1418,27.302,-86.3783,25.8562,85.1826,53.4431,0.709,0.1495,-0.6632,-0.1874,-0.0153,-0.0134,0.0081,0,0,0,0
1,0.5099,51,1.0116,-0.0143,-0.0803,-1.5799,-1.9907,-2.1207,15.4925,27.4189,-86.6998,25.2872,85.1788,52.9003,0.7092,0.1498,-0.663,-0.1874,-0.0151,-0.022,0.0045,0,0,0,0
1,0.5199,52,1.0089,-0.0137,-0.0841,-1.5562,-2.354,-3.5391,15.4925,27.4189,-86.6998,24.7741,85.1723,52.401,0.7093,0.1501,-0.6628,-0.1873,-0.0125,-0.0218,0.0078,0,0,0,0
1,0.5299,53,1.0055,-0.0177,-0.0897,-2.1314,-1.5807,-2.2084,15.0541,28.442,-86.9629,24.4377,85.167,52.0848,0.7094,0.1503,-0.6626,-0.1873,-0.009,-0.0173,0.0131,0,0,0,0
1,0.5399,54,1.0089,-0.0157,-0.096,-2.1518,-0.9438,0.0172,14.5571,28.442,-86.729,24.3724,85.1583,52.0409,0.7095,0.1505,-0.6625,-0.1874,-0.0125,-0.0191,0.0192,0,0,0,0
1,0.5499,55,1.0133,-0.0175,-0.0913,-1.537,-1.121,0.4246,14.8495,28.5881,-86.4659,24.3489,85.1463,52.0327,0.7095,0.1505,-0.6624,-0.1875,-0.0169,-0.0174,0.0143,0,0,0,0
1,0.5599,56,1.0203,-0.0163,-0.0918,-1.3196,-1.7983,-0.6489,15.2587,28.0912,-86.3198,23.8799,85.126,51.5807,0.7097,0.1507,-0.6621,-0.1875,-0.0239,-0.0184,0.0145,0,0,0,0
1,0.5699,57,1.0185,-0.0162,-0.0933,-0.9362,-2.1605,-1.2424,15.171,27.6527,-86.349,23.6363,85.1111,51.3455,0.7098,0.1508,-0.662,-0.1875,-0.0221,-0.018,0.0154,0,0,0,0
1,0.5799,58,1.0236,-0.0118,-0.0914,-0.9869,-2.5756,-1.0086,15.171,27.6527,-86.349,23.3997,85.0916,51.118,0.71,0.1509,-0.6618,-0.1876,-0.0272,-0.0223,0.013,0,0,0,0
1,0.5899,59,1.0237,-0.0222,-0.0922,-1.1131,-2.702,-0.7001,15.0541,27.5943,-86.9044,23.1909,85.0694,50.9196,0.7101,0.151,-0.6616,-0.1876,-0.0274,-0.0117,0.0133,0,0,0,0
1,0.5999,60,1.0221,-0.0213,-0.0927,-1.1462,-2.9183,0.6531,15.1125,28.4712,-86.7583,23.1177,85.04,50.8576,0.7103,0.1509,-0.6614,-0.1878,-0.0258,-0.0126,0.0134,0,0,0,0
1,0.6099,61,1.0284,-0.0197,-0.0961,-0.9271,-3.3769,0.5598,14.9664,28.9974,-87.3721,22.8267,84.9998,50.5764,0.7106,0.151,-0.6611,-0.1878,-0.0321,-0.0142,0.0161,0,0,0,0
1,0.6199,62,1.0262,-0.02,-0.097,-0.2936,-4.0754,1.3915,15.1125,27.565,-86.6413,22.792,84.9568,50.5445,0.7108,0.1508,-0.6609,-0.188,-0.03,-0.0139,0.0162,0,0,0,0
1,0.6299,63,1.0152,-0.0146,-0.1016,0.4563,-4.879,1.5436,15.1125,27.565,-86.6413,22.7465,84.9059,50.4943,0.711,0.1506,-0.6606,-0.1881,-0.0191,-0.0196,0.02,0,0,0,0
1,0.6399,64,0.9967,-0.0229,-0.1026,1.1434,-5.0952,0.5581,15.1418,28.7927,-86.4075,22.5984,84.8566,50.3341,0.7113,0.1505,-0.6603,-0.1882,-0.0007,-0.0115,0.0202,0,0,0,0
1,0.6499,65,0.9772,-0.0251,-0.101,0.7755,-4.039,0.6446,14.9079,27.8281,-86.5829,22.5025,84.8168,50.23,0.7116,0.1503,-0.6601,-0.1882,0.0188,-0.0094,0.0177,0,0,0,0
1,0.6599,66,0.9744,-0.0275,-0.1038,-0.4793,-2.3229,1.7055,14.7325,26.1912,-86.7875,22.4181,84.7689,50.139,0.7118,0.1501,-0.6598,-0.1883,0.0215,-0.0072,0.02,0,0,0,0
1,0.6699,67,0.9786,-0.0211,-0.1049,-1.1174,-1.0077,3.256,14.6741,28.6466,-87.1383,22.6936,84.7471,50.4269,0.7118,0.15,-0.6598,-0.1886,0.0172,-0.014,0.0204,0,0,0,0
1,0.6799,68,0.98,-0.0139,-0.1026,-1.0661,-0.5814,1.664,14.4402,28.5589,-87.0213,22.8257,84.7354,50.5703,0.7118,0.1499,-0.6597,-0.1888,0.0158,-0.0216,0.0181,0,0,0,0
1,0.6899,69,0.9826,-0.0218,-0.1024,-0.2554,-0.4833,0.374,14.4402,28.5589,-87.0213,22.8405,84.7295,50.5876,0.7118,0.1499,-0.6597,-0.1888,0.0132,-0.0138,0.0178,0,0,0,0
1,0.6999,70,0.973,-0.023,-0.1027,0.2466,0.015,1.9613,14.3233,29.2312,-87.0213,23.0396,84.7221,50.7851,0.7118,0.1498,-0.6597,-0.1889,0.0228,-0.0129,0.018,0,0,0,0
1,0.7099,71,0.9708,-0.0184,-0.0985,0.7246,0.8274,2.4056,14.4402,27.185,-86.9336,23.0527,84.7078,50.7918,0.7119,0.1497,-0.6597,-0.1889,0.0249,-0.0178,0.0138,0,0,0,0
1,0.7199,72,0.974,-0.0253,-0.0957,0.8159,1.7808,2.585,14.6741,27.682,-86.6706,23.3931,84.7141,51.1255,0.7117,0.1495,-0.6598,-0.189,0.0218,-0.0111,0.011,0,0,0,0
1,0.7299,73,0.9721,-0.0285,-0.0911,1.0688,2.3553,2.933,14.2941,27.3897,-86.9044,23.7961,84.7241,51.5194,0.7116,0.1493,-0.66,-0.1891,0.0237,-0.0084,0.0068,0,0,0,0
1,0.7399,74,0.9707,-0.0197,-0.0894,1.4419,2.7961,2.3396,14.2941,27.3897,-86.9044,24.1649,84.7403,51.8753,0.7114,0.1492,-0.6603,-0.1891,0.025,-0.0177,0.0056,0,0,0,0
1,0.7499,75,0.9655,-0.0159,-0.0877,2.2263,3.1175,0.1659,14.6156,29.1728,-86.4367,24.3417,84.768,52.0305,0.7112,0.1491,-0.6605,-0.189,0.0303,-0.0217,0.0044,0,0,0,0
1,0.7599,76,0.9614,-0.0354,-0.0835,2.399,3.9766,-1.6757,14.8787,28.7343,-87.1967,24.4107,84.8075,52.0706,0.7111,0.149,-0.6607,-0.1887,0.0344,-0.002,0.0008,0,0,0,0
1,0.7699,77,0.9804,-0.0372,-0.0798,2.5137,5.8071,-0.1355,14.6741,27.5943,-87.4013,24.6863,84.861,52.3221,0.7108,0.149,-0.6611,-0.1884,0.0155,-0.0002,-0.002,0,0,0,0
1,0.7799,78,1.0036,-0.0477,-0.0721,3.0155,5.6986,-0.582,15.1418,27.7112,-87.0506,24.9219,84.9153,52.5284,0.7105,0.1489,-0.6615,-0.1882,-0.0076,0.0103,-0.0087,0,0,0,0
1,0.7899,79,1.0078,-0.0653,-0.065,3.279,4.9756,-1.0984,14.8787,28.4712,-87.3137,25.0772,84.965,52.6513,0.7103,0.1489,-0.6619,-0.1878,-0.0117,0.0281,-0.0148,0,0,0,0
1,0.7999,80,1.004,-0.0728,-0.0617,2.7722,4.0584,-0.6224,14.8787,28.4712,-87.3137,25.2352,85.0045,52.7821,0.7101,0.1488,-0.6622,-0.1876,-0.0078,0.0357,-0.0173,0,0,0,0
1,0.8099,81,0.9919,-0.0741,-0.0615,2.3584,3.3162,-1.9697,14.4987,28.9097,-86.9921,25.5581,85.0387,53.0648,0.7099,0.1486,-0.6625,-0.1873,0.0043,0.037,-0.0169,0,0,0,0
1,0.8199,82,0.9844,-0.0781,-0.0691,1.3252,3.7864,-1.751,15.931,28.0912,-87.109,25.5755,85.0805,53.069,0.7097,0.1486,-0.6627,-0.1871,0.0119,0.041,-0.0085,0,0,0,0
1,0.8299,83,0.9895,-0.0628,-0.0721,0.9439,4.3576,1.1113,15.171,27.0096,-86.7875,25.9207,85.115,53.406,0.7094,0.1486,-0.663,-0.1871,0.0069,0.0256,-0.0048,0,0,0,0
1,0.8399,84,0.9994,-0.0399,-0.0746,0.8193,4,0.213,15.6679,27.0681,-86.6706,26.1558,85.1502,53.6337,0.7092,0.1486,-0.6633,-0.187,-0.003,0.0026,-0.0016,0,0,0,0
1,0.8499,85,0.9967,-0.0223,-0.0759,1.2184,3.8439,-0.4279,15.6679,27.0681,-86.6706,26.3216,85.1865,53.7879,0.709,0.1486,-0.6636,-0.1868,-0.0002,-0.0149,0.0004,0,0,0,0
1,0.8599,86,1.0054,-0.0151,-0.0812,2.0175,3.4285,-1.6771,14.9956,27.7404,-86.7875,26.1247,85.2288,53.5819,0.7089,0.1488,-0.6637,-0.1865,-0.0089,-0.0219,0.0064,0,0,0,0
1,0.8699,87,1.0051,-0.0158,-0.0778,2.7552,2.9298,-2.2151,14.8787,28.442,-86.4367,26.0661,85.2648,53.4955,0.7088,0.1488,-0.6639,-0.1862,-0.0085,-0.0206,0.0034,0,0,0,0
1,0.8799,88,1.0037,-0.0113,-0.0695,2.6075,2.7448,-1.5599,15.4341,28.2666,-86.349,26.0669,85.2964,53.4701,0.7087,0.1488,-0.6641,-0.1859,-0.007,-0.0249,-0.0043,0,0,0,0
1,0.8899,89,1.0151,-0.0163,-0.0738,2.4492,2.4419,-2.6318,15.171,27.565,-85.8813,25.9315,85.3297,53.3097,0.7086,0.1488,-0.6643,-0.1856,-0.0185,-0.0195,0.0004,0,0,0,0
1,0.8999,90,1.012,-0.0173,-0.0736,2.4735,1.703,-2.4212,15.171,27.565,-85.8813,25.7784,85.3556,53.1312,0.7086,0.1488,-0.6644,-0.1853,-0.0153,-0.0181,0.0006,0,0,0,0
1,0.9099,91,1.0131,-0.0355,-0.0733,2.0521,1.5832,-2.4835,14.7325,28.7051,-86.1152,25.727,85.3788,53.0531,0.7086,0.1488,-0.6645,-0.185,-0.0164,0.0005,0.0006,0,0,0,0
1,0.9199,92,1.0071,-0.0346,-0.0753,0.9443,1.8272,-0.4423,14.4402,28.5004,-85.8229,25.7846,85.3971,53.1014,0.7085,0.1488,-0.6646,-0.1849,-0.0103,-0.0003,0.0029,0,0,0,0
1,0.9299,93,1.0117,-0.0448,-0.0826,0.4605,1.4762,-0.8939,14.791,28.7343,-86.4075,25.768,85.4143,53.0801,0.7084,0.1488,-0.6647,-0.1848,-0.0149,0.01,0.0105,0,0,0,0
1,0.9399,94,1.0121,-0.042,-0.0841,0.3088,0.9187,0.4148,15.6972,26.2789,-86.2321,25.8673,85.4209,53.1766,0.7084,0.1488,-0.6648,-0.1848,-0.0153,0.0072,0.0122,0,0,0,0
1,0.9499,95,1.0138,-0.0324,-0.0892,0.1237,0.1308,0.4813,14.9664,27.1266,-86.8167,25.9298,85.42,53.2381,0.7083,0.1488,-0.6648,-0.1848,-0.017,-0.0025,0.0174,0,0,0,0
1,0.9599,96,1.012,-0.0201,-0.0922,0.445,-0.539,-1.7572,14.9664,27.1266,-86.8167,25.1552,85.3946,52.4524,0.7087,0.1489,-0.6644,-0.1845,-0.0152,-0.0146,0.0201,0,0,0,0
1,0.9699,97,1.0111,-0.0158,-0.0979,0.6221,-0.7292,-1.619,14.7325,28.8512,-86.6413,24.9409,85.3948,52.2311,0.7088,0.149,-0.6644,-0.1844,-0.0143,-0.0181,0.0251,0,0,0,0
1,0.9799,98,1.0094,-0.0119,-0.0931,0.337,-0.3612,-0.4663,14.791,28.3835,-86.729,24.8729,85.3934,52.1596,0.7088,0.149,-0.6644,-0.1844,-0.0126,-0.0219,0.0202,0,0,0,0
1,0.9899,99,1.01,-0.0089,-0.0925,0.3293,-0.2341,-0.0108,15.0248,27.3604,-86.2321,24.8629,85.3914,52.1462,0.7089,0.1489,-0.6644,-0.1843,-0.0132,-0.0248,0.0196,0,0,0,0
1,0.9999,100,1.0102,-0.0107,-0.0918,0.7536,-0.5107,0.2169,15.4633,27.945,-86.4659,24.8684,85.3858,52.1442,0.7089,0.1489,-0.6643,-0.1843,-0.0135,-0.0231,0.0188,0,0,0,0
1,1.0099,101,0.9995,-0.0185,-0.0888,1.3054,-0.6064,-0.0194,15.4633,27.945,-86.4659,24.0533,85.3472,51.3158,0.7093,0.149,-0.6639,-0.1841,-0.0027,-0.0151,0.0155,0,0,0,0
1,1.0199,102,0.9995,-0.0243,-0.0937,1.4162,-0.4345,0.7701,15.4633,28.5297,-86.8459,24.1322,85.3401,51.3808,0.7094,0.1488,-0.6639,-0.184,-0.0028,-0.0089,0.0196,0,0,0,0
1,1.0299,103,0.9959,-0.0277,-0.0925,1.8823,-0.4149,1.545,14.3818,28.5004,-86.6998,24.3032,85.3301,51.5334,0.7094,0.1486,-0.6639,-0.184,0.0007,-0.0057,0.0183,0,0,0,0
1,1.0399,104,0.9976,-0.0241,-0.0905,2.189,-0.8114,0.1309,14.7325,28.2666,-86.9629,24.2992,85.3221,51.5074,0.7095,0.1485,-0.6639,-0.1839,-0.0009,-0.0095,0.0162,0,0,0,0
1,1.0499,105,0.9961,-0.0267,-0.0858,2.74,-1.1418,-1.1382,15.2587,27.565,-86.9629,24.1428,85.3163,51.323,0.7096,0.1483,-0.6639,-0.1837,0.0005,-0.0068,0.0114,0,0,0,0
1,1.0599,106,0.9892,-0.0336,-0.0857,2.6149,-1.0576,-1.1037,15.1418,28.0035,-86.6998,23.9396,85.2941,51.0782,0.7098,0.1481,-0.6638,-0.1834,0.0074,0.0003,0.011,0,0,0,0
1,1.0699,107,0.982,-0.0326,-0.0852,2.3969,-0.8065,-0.8929,15.1418,28.0035,-86.6998,23.8249,85.2903,50.9391,0.7099,0.148,-0.6637,-0.1833,0.0146,-0.0007,0.0101,0,0,0,0
1,1.0799,108,0.9771,-0.0302,-0.0874,1.6135,0.1638,-0.0318,14.9372,28.6758,-86.6998,23.8453,85.292,50.9435,0.7099,0.1479,-0.6638,-0.1832,0.0195,-0.003,0.0124,0,0,0,0
1,1.0899,109,0.9778,-0.0161,-0.09,1.6348,0.8041,0.4007,15.171,28.5297,-86.8167,23.9454,85.2977,51.0275,0.7099,0.1478,-0.6639,-0.1831,0.0189,-0.0171,0.015,0,0,0,0
1,1.0999,110,0.9809,-0.0146,-0.0918,2.1365,1.1137,-0.4372,15.2295,28.5589,-86.5244,23.9725,85.3096,51.0332,0.7099,0.1477,-0.664,-0.1829,0.0158,-0.0187,0.017,0,0,0,0
1,1.1099,111,0.9764,-0.0177,-0.0887,2.6957,1.6467,-0.5027,14.7618,27.2435,-86.729,23.727,85.3221,50.7697,0.7099,0.1477,-0.664,-0.1827,0.0203,-0.0154,0.0141,0,0,0,0
1,1.1199,112,0.9754,-0.0134,-0.0817,2.4425,2.2814,-0.6673,14.7618,27.2435,-86.729,23.7877,85.3456,50.8061,0.7098,0.1476,-0.6641,-0.1824,0.0213,-0.0194,0.0073,0,0,0,0
1,1.1299,113,0.9827,-0.0201,-0.0753,1.8527,3.565,-0.0572,15.3172,28.0327,-86.9044,23.9759,85.3785,50.9763,0.7096,0.1476,-0.6644,-0.1823,0.0141,-0.0126,0.0015,0,0,0,0
1,1.1399,114,0.9912,-0.0003,-0.0666,1.528,3.9365,0.1021,15.3464,27.0096,-87.1675,24.2003,85.4141,51.1861,0.7094,0.1476,-0.6647,-0.1822,0.0056,-0.0325,-0.0066,0,0,0,0
1,1.1499,115,1.0049,0.0003,-0.0605,2.0359,3.4925,-3.1035,15.7264,27.5358,-86.1736,24.042,85.4586,51.0069,0.7093,0.1477,-0.6649,-0.1818,-0.0081,-0.0328,-0.012,0,0,0,0
1,1.1599,116,1.0095,-0.015,-0.0559,3.3029,2.2839,-5.5638,14.9079,28.0035,-86.5244,23.5203,85.5123,50.4625,0.7092,0.1479,-0.665,-0.1813,-0.0126,-0.0167,-0.0161,0,0,0,0
1,1.1699,117,1.0018,-0.0298,-0.0494,3.7846,2.0213,-4.3594,14.9079,28.0035,-86.5244,23.1463,85.548,50.0494,0.7092,0.148,-0.6651,-0.1807,-0.0048,-0.0009,-0.0221,0,0,0,0
1,1.1799,118,0.9994,-0.0347,-0.0489,3.2333,2.4804,-1.8857,15.2587,28.0035,-86.729,23.0789,85.5782,49.9493,0.7092,0.1479,-0.6653,-0.1804,-0.0024,0.0044,-0.0222,0,0,0,0
1,1.1899,119,1.0017,-0.0366,-0.0476,2.0948,3.3136,0.5685,15.9018,27.9743,-86.8459,23.3353,85.6065,50.1855,0.709,0.1478,-0.6656,-0.1803,-0.0047,0.0063,-0.023,0,0,0,0
1,1.1999,120,1.0049,-0.022,-0.0484,1.6486,3.357,0.8752,14.8787,27.9743,-87.109,23.6294,85.6338,50.4639,0.7088,0.1477,-0.6658,-0.1802,-0.0078,-0.0085,-0.0216,0,0,0,0
1,1.2099,121,1.0106,-0.0235,-0.045,1.7839,2.6473,-1.9422,15.4341,28.442,-86.7875,23.6489,85.6858,50.4817,0.7086,0.1479,-0.6661,-0.18,-0.0134,-0.0069,-0.0244,0,0,0,0
1,1.2199,122,1.0096,-0.0365,-0.0466,1.9693,2.4179,-2.3795,15.2295,28.5881,-87.3429,23.5052,85.7174,50.3178,0.7085,0.148,-0.6662,-0.1797,-0.0124,0.0066,-0.0221,0,0,0,0
1,1.2299,123,1.0106,-0.0402,-0.0425,1.3831,2.487,-0.8729,15.2295,28.5881,-87.3429,23.5433,85.7437,50.3421,0.7084,0.148,-0.6664,-0.1795,-0.0134,0.0105,-0.0258,0,0,0,0
1,1.2399,124,1.0103,-0.0456,-0.0403,0.0745,2.8419,1.5504,15.3172,27.3312,-86.9044,23.8879,85.7635,50.687,0.7082,0.1479,-0.6666,-0.1796,-0.013,0.0158,-0.0274,0,0,0,0
1,1.2499,125,1.0223,-0.0424,-0.0448,-0.6171,2.3119,2.2755,15.0248,27.7697,-87.1675,24.2896,85.7756,51.0959,0.708,0.1479,-0.6668,-0.1797,-0.025,0.0123,-0.0224,0,0,0,0
1,1.2599,126,1.0149,-0.0288,-0.0447,-0.3904,1.3076,2.1354,15.6387,28.2374,-87.1675,24.6832,85.8262,51.54,0.7076,0.1482,-0.6671,-0.18,-0.0176,-0.0017,-0.0221,0,0,0,0
1,1.2699,127,1.0091,-0.0157,-0.0504,0.1263,0.2151,-1.1017,15.3464,28.442,-86.9921,24.559,85.8327,51.4143,0.7076,0.1483,-0.6671,-0.1799,-0.0118,-0.0146,-0.0157,0,0,0,0
1,1.2799,128,1.0069,-0.0201,-0.0574,0.9171,-0.3319,-4.235,15.3464,28.442,-86.9921,24.0179,85.847,50.8625,0.7077,0.1485,-0.667,-0.1796,-0.0095,-0.0096,-0.0087,0,0,0,0
1,1.2899,129,0.9977,-0.0274,-0.0606,0.7302,0.3728,-2.8294,15.9602,28.2666,-87.2552,23.6881,85.8617,50.5245,0.7077,0.1486,-0.667,-0.1794,-0.0004,-0.0017,-0.0055,0,0,0,0
1,1.2999,130,0.9991,-0.0243,-0.0613,0.2339,1.2535,-0.9028,15.6972,27.7404,-87.7521,23.6446,85.8768,50.4786,0.7077,0.1486,-0.6671,-0.1793,-0.0017,-0.0045,-0.0046,0,0,0,0
1,1.3099,131,1.0128,-0.0273,-0.0582,-0.3896,1.8772,0.2147,15.0541,28.5004,-86.9921,23.8712,85.9092,50.7223,0.7074,0.1488,-0.6673,-0.1794,-0.0154,-0.0016,-0.0074,0,0,0,0
1,1.3199,132,1.0228,-0.0338,-0.0572,-0.3859,0.9627,-1.8083,15.2002,25.665,-86.4952,23.6889,85.9253,50.5434,0.7074,0.1489,-0.6673,-0.1793,-0.0253,0.0051,-0.0079,0,0,0,0
1,1.3299,133,1.0097,-0.0403,-0.0606,-0.574,0.7521,-0.7538,15.2295,26.7466,-86.5244,23.6279,85.9353,50.488,0.7074,0.149,-0.6673,-0.1792,-0.0122,0.0119,-0.0044,0,0,0,0
1,1.3399,134,1.0074,-0.0335,-0.0653,-1.2211,1.035,1.1395,15.2295,26.7466,-86.5244,23.821,85.9401,50.6938,0.7073,0.149,-0.6674,-0.1794,-0.0099,0.005,0.0005,0,0,0,0
1,1.3499,135,1.0064,-0.0291,-0.0651,-1.4105,1.042,0.7706,15.4049,27.302,-87.0798,23.9656,85.9466,50.8529,0.7072,0.1491,-0.6674,-0.1795,-0.0089,0.0004,0.0005,0,0,0,0
1,1.3599,136,1.007,-0.0316,-0.0711,-1.4958,0.9942,0.5939,14.791,28.7051,-86.9921,24.0095,85.946,50.9071,0.7071,0.1491,-0.6674,-0.1796,-0.0095,0.0028,0.0066,0,0,0,0
1,1.3699,137,1.0038,-0.0186,-0.0769,-1.3914,1.3372,3.0068,15.3464,28.442,-87.2552,24.46,85.946,51.3727,0.707,0.1491,-0.6675,-0.1798,-0.0063,-0.0105,0.0124,0,0,0,0
1,1.3799,138,1.0025,-0.0112,-0.0762,-1.3617,1.6247,3.153,15.551,27.3604,-86.9629,24.9464,85.9477,51.8739,0.7068,0.149,-0.6677,-0.1801,-0.005,-0.0184,0.0121,0,0,0,0
1,1.3899,139,1.0005,-0.0183,-0.0746,-1.0058,1.815,1.4566,15.551,27.3604,-86.9629,25.2311,85.958,52.1694,0.7067,0.149,-0.6678,-0.1802,-0.003,-0.0117,0.0107,0,0,0,0
1,1.3999,140,1.0028,-0.0253,-0.0704,-0.9393,1.861,1.72,14.9956,27.9158,-87.4013,25.5545,85.9676,52.503,0.7065,0.149,-0.6679,-0.1803,-0.0052,-0.0049,0.0069,0,0,0,0
1,1.4099,141,1.0018,-0.019,-0.069,-0.8814,1.7122,1.4913,14.6741,29.202,-86.9336,25.6697,85.9741,52.6296,0.7065,0.149,-0.6679,-0.1804,-0.0042,-0.0114,0.0057,0,0,0,0
1,1.4199,142,0.9943,-0.0173,-0.0713,-1.0479,2.0726,3.029,15.0248,28.4127,-87.226,26.1751,85.9797,53.1468,0.7063,0.149,-0.6681,-0.1806,0.0033,-0.0134,0.0082,0,0,0,0
1,1.4299,143,0.9891,-0.0161,-0.0731,-0.8874,2.1454,2.8419,15.6095,27.3604,-86.5244,26.6642,85.9863,53.646,0.7061,0.1489,-0.6682,-0.1808,0.0084,-0.0152,0.0104,0,0,0,0
1,1.4399,144,0.9897,-0.0242,-0.0701,-0.6717,2.2917,2.4134,15.6095,27.3604,-86.9044,27.112,85.996,54.1016,0.7059,0.1488,-0.6684,-0.181,0.0078,-0.0074,0.0078,0,0,0,0
1,1.4499,145,0.9861,-0.0343,-0.0715,-1.1075,3.1741,5.0901,15.4925,28.2081,-86.9044,27.9557,86.0008,54.9585,0.7056,0.1487,-0.6687,-0.1813,0.0115,0.002,0.0097,0,0,0,0
1,1.4599,146,0.9946,-0.0261,-0.071,-0.9983,3.3957,5.9503,14.9372,27.5358,-86.5829,28.8111,85.9995,55.8254,0.7054,0.1484,-0.6689,-0.1817,0.003,-0.0073,0.0098,0,0,0,0
1,1.4699,147,1.0043,-0.0238,-0.0688,-0.2545,2.7777,3.7551,14.791,28.7051,-86.4075,29.4709,86.0056,56.4894,0.7052,0.1483,-0.6691,-0.1819,-0.0067,-0.0103,0.008,0,0,0,0
1,1.4799,148,1.0132,-0.0115,-0.0693,0.7359,1.0127,0.076,14.9664,28.3835,-87.1383,29.5589,86.0141,56.5703,0.7051,0.1482,-0.6692,-0.1818,-0.0156,-0.0228,0.0088,0,0,0,0
1,1.4899,149,1.0041,-0.0168,-0.0722,0.8879,-0.4199,-3.2969,15.1418,27.4189,-87.2552,29.1243,86.0264,56.1257,0.7052,0.1484,-0.6691,-0.1816,-0.0066,-0.0172,0.0117,0,0,0,0
1,1.4999,150,0.975,-0.0288,-0.0733,0.1484,0.4488,-1.6535,15.1418,27.4189,-87.2552,28.948,86.0383,55.9475,0.7052,0.1485,-0.6691,-0.1815,0.0226,-0.0047,0.0128,0,0,0,0
1,1.5099,151,0.9578,-0.0388,-0.0747,-1.6883,2.9276,1.2427,15.2002,26.9512,-87.1383,29.3384,86.0463,56.3428,0.705,0.1484,-0.6693,-0.1816,0.0398,0.0053,0.0145,0,0,0,0
1,1.5199,152,0.9322,-0.0416,-0.0802,-5.2219,8.1482,10.8404,15.3464,27.4773,-87.109,31.2385,86.0624,58.2997,0.7043,0.1482,-0.6698,-0.1824,0.0654,0.0068,0.0209,0,0,0,0
1,1.5299,153,0.9497,-0.0285,-0.0758,-6.9441,10.4596,11.9585,15.931,28.5589,-86.6706,33.4562,86.0875,60.5922,0.7034,0.1481,-0.6705,-0.1835,0.048,-0.0084,0.0182,0,0,0,0
1,1.5399,154,0.9819,-0.0168,-0.0716,-5.2365,9.7428,6.4689,15.4341,28.7927,-86.729,34.9939,86.1322,62.186,0.7027,0.1482,-0.6711,-0.184,0.0158,-0.0216,0.0157,0,0,0,0
1,1.5499,155,0.9895,-0.0201,-0.0686,-2.2307,7.94,0.02,15.4341,28.7927,-86.729,35.6548,86.197,62.8707,0.7022,0.1485,-0.6716,-0.1841,0.0082,-0.0186,0.0142,0,0,0,0
1,1.5599,156,0.9785,-0.0317,-0.0663,-0.4383,7.821,-0.526,15.0541,28.9097,-85.8521,36.1905,86.2545,63.4041,0.7018,0.1486,-0.672,-0.1839,0.0193,-0.0069,0.0132,0,0,0,0
1,1.5699,157,0.9619,-0.0309,-0.0722,0.7759,8.5889,2.9956,15.3756,28.442,-85.7936,37.3546,86.3058,64.5629,0.7013,0.1485,-0.6726,-0.1839,0.036,-0.008,0.0204,0,0,0,0
1,1.5799,158,0.9692,-0.026,-0.0593,2.6573,7.8997,0.3137,15.7264,28.2081,-86.1444,38.1714,86.3665,65.3548,0.7008,0.1485,-0.6731,-0.1837,0.0288,-0.0132,0.0089,0,0,0,0
1,1.5899,159,0.9576,-0.0241,-0.056,3.1308,8.1369,-3.609,15.5802,27.3312,-85.8813,38.5504,86.4528,65.7032,0.7005,0.1486,-0.6736,-0.1832,0.0405,-0.0147,0.007,0,0,0,0
1,1.5999,160,0.9366,0.0013,-0.0707,3.4413,9.7682,-0.6764,15.6387,27.6235,-85.9398,39.497,86.5332,66.6171,0.6999,0.1486,-0.6742,-0.1828,0.0616,-0.0397,0.0234,0,0,0,0
1,1.6099,161,0.9327,0.0278,-0.0795,5.5036,10.7599,-5.2862,15.6387,27.6235,-85.9398,39.735,86.6497,66.803,0.6995,0.1488,-0.6748,-0.182,0.0655,-0.0657,0.034,0,0,0,0
1,1.6199,162,0.917,0.0146,-0.0912,8.6883,12.8587,-3.8083,15.3464,28.7635,-85.9982,40.752,86.7727,67.7346,0.699,0.1487,-0.6757,-0.1811,0.0814,-0.0516,0.0477,0,0,0,0
1,1.6299,163,0.9146,0.0021,-0.0786,12.2412,13.3755,-5.877,15.5218,28.2666,-85.7059,41.6587,86.9123,68.5201,0.6984,0.1486,-0.6766,-0.1798,0.0839,-0.0383,0.0374,0,0,0,0
1,1.6399,164,0.8524,-0.0418,-0.091,12.5103,17.706,-3.7565,15.8433,27.565,-86.0275,43.5237,87.0685,70.2625,0.6976,0.1483,-0.6778,-0.1786,0.1462,0.0064,0.0527,0,0,0,0
1,1.6499,165,0.7881,-0.0236,-0.0916,13.2431,23.2654,3.4153,15.931,26.7758,-85.9398,47.4418,87.2081,74.0528,0.6963,0.1477,-0.6795,-0.1777,0.2106,-0.012,0.057,0,0,0,0
1,1.6599,166,0.8178,0.0481,-0.097,14.8331,27.6303,-0.8149,15.931,26.7758,-85.9398,51.6306,87.3962,78.0992,0.695,0.1473,-0.6813,-0.1764,0.1811,-0.084,0.067,0,0,0,0
1,1.6699,167,0.7903,0.0691,-0.0906,17.2705,33.3821,-11.6007,15.9602,27.8281,-85.8813,56.4843,87.6873,82.7846,0.6934,0.1475,-0.6835,-0.1742,0.2088,-0.1036,0.066,0,0,0,0
1,1.6799,168,0.7549,0.0837,-0.1086,19.7829,36.0627,-25.0306,15.931,27.8574,-85.2675,61.5237,88.0886,87.6295,0.6919,0.1483,-0.6856,-0.171,0.2444,-0.1148,0.0902,0,0,0,0
1,1.6899,169,0.7087,0.1273,-0.1279,24.1415,40.8535,-38.5733,16.2233,28.062,-85.0044,68.9647,88.6121,94.8323,0.6903,0.1498,-0.6879,-0.1667,0.2909,-0.1527,0.1165,0,0,0,0
1,1.6999,170,0.5829,0.2478,-0.097,27.5195,59.5475,-66.0214,17.3341,26.9512,-84.3028,98.9095,89.359,124.5063,0.6881,0.153,-0.691,-0.1603,0.4169,-0.264,0.0943,0,0,0,0
1,1.7099,171,0.7041,0.0675,-0.2227,25.4133,66.8446,-104.1624,17.4218,27.945,-84.7705,-151.3672,89.1416,-126.0277,0.6859,0.1586,-0.6939,-0.1516,0.2958,-0.0674,0.2317,0,0,0,0
1,1.7199,172,0.6191,-0.5277,-0.1605,63.3615,67.0987,-45.2681,17.4218,27.945,-84.7705,-148.0965,88.3351,-123.3915,0.6833,0.1584,-0.698,-0.1441,0.3806,0.5422,0.1808,0,0,0,0
1,1.7299,173,0.1614,-0.1698,0.0011,123.4569,89.7003,98.4383,17.0126,28.7051,-84.0398,178.5207,87.6943,-158.0291,0.6782,0.1462,-0.7062,-0.1411,0.838,0.1758,0.033,0,0,0,0
1,1.7399,174,0.0069,0.0057,0.0027,127.4446,96.5523,117.0862,17.3049,27.9158,-83.9521,160.5303,86.5115,-177.3178,0.6723,0.1326,-0.7149,-0.1389,0.9917,-0.0188,0.0482,0,0,0,0
1,1.7499,175,0.0073,0.0052,0.0024,125.7642,99.4669,117.1384,18.328,26.045,-82.549,152.5784,85.1257,173.4484,0.666,0.1192,-0.7235,-0.1367,0.9898,-0.0373,0.0661,0,0,0,0
1,1.7599,176,0.0072,0.0052,0.0041,123.9408,102.3607,117.3445,18.3864,23.2973,-82.4028,148.6327,83.6532,168.2422,0.6593,0.1058,-0.7321,-0.1346,0.9877,-0.0559,0.0831,0,0,0,0
1,1.7699,177,0.0076,0.0051,0.004,122.1873,105.3583,117.5018,18.3864,23.2973,-82.4028,146.4887,82.1317,164.8499,0.6522,0.0926,-0.7406,-0.1325,0.9843,-0.074,0.1027,0,0,0,0
1,1.7799,178,0.0082,0.0038,0.0048,120.465,108.6458,117.6835,18.8249,23.5896,-81.4966,145.3353,80.5708,162.4644,0.6447,0.0794,-0.749,-0.1305,0.9799,-0.0905,0.1222,0,0,0,0
1,1.7899,179,0.0084,0.0052,0.0064,118.5776,112.3064,117.975,19.4388,22.3034,-80.0058,144.7672,78.9733,160.6817,0.6367,0.0663,-0.7574,-0.1286,0.9751,-0.1091,0.1417,0,0,0,0
1,1.7999,180,0.008,0.004,0.0082,116.5442,116.395,118.2037,20.5495,20.228,-79.2166,144.5785,77.3392,159.2977,0.6282,0.0533,-0.7658,-0.1267,0.9699,-0.1248,0.1619,0,0,0,0
1,1.8099,181,0.0085,0.0041,0.0128,114.5917,121.1868,118.3099,21.1634,18.0357,-78.8074,144.6798,75.6623,158.2263,0.6192,0.0406,-0.7742,-0.1249,0.963,-0.1413,0.1804,0,0,0,0
1,1.8199,182,0.0095,0.0036,0.0169,112.3956,126.827,118.6571,21.1634,18.0357,-78.8074,144.9523,73.9413,157.3436,0.6096,0.0279,-0.7826,-0.1232,0.9545,-0.1566,0.2003,0,0,0,0
1,1.8299,183,0.0103,0.0028,0.0194,110.0167,133.0494,118.9094,21.0757,16.8956,-77.9889,145.37,72.1694,156.6295,0.5994,0.0154,-0.791,-0.1217,0.9451,-0.1712,0.223,0,0,0,0
1,1.8399,184,0.0121,0.0024,0.0227,107.7906,139.8206,119.0893,21.5142,16.2526,-75.9135,145.9008,70.3425,156.0513,0.5884,0.0031,-0.7995,-0.1202,0.9336,-0.1855,0.2458,0,0,0,0
1,1.8499,185,0.0136,0.0019,0.023,105.2171,147.2517,119.5216,21.5434,14.3818,-74.8319,146.5117,68.4535,155.5793,0.5768,-0.0091,-0.8081,-0.1189,0.921,-0.1994,0.2728,0,0,0,0
1,1.8599,186,1.0012,-0.4894,0.5403,102.2755,155.6757,121.4323,22.4203,12.5694,-72.5811,147.1576,66.4855,155.1706,0.5644,-0.0211,-0.8168,-0.1179,-0.0792,0.2783,-0.216,0,0,0,0
1,1.8699,187,3.9791,1.1133,2.2693,-449.7823,615.1933,1655.0244,19.7603,7.8632,-70.2134,129.1581,50.7036,139.4835,0.4971,-0.1102,-0.8294,-0.23,-3.1315,-1.4725,-1.895,0,0,0,0
1,1.8799,188,2.4015,-0.4317,1.3214,140.2802,1800.3529,956.2857,19.7603,7.8632,-70.2134,136.3898,31.4868,148.6735,0.3391,-0.1442,-0.8876,-0.2762,-1.7782,-0.1356,-0.7924,0,0,0,0
1,1.8899,189,-1.8209,-1.7419,2.314,-559.7838,1367.0131,332.8013,14.2648,-2.1923,-58.6378,133.993,19.2417,156.3099,0.2296,-0.1224,-0.9016,-0.3455,2.2034,1.1074,-1.6446,0,0,0,0
1,1.8999,190,-1.0562,-1.1061,-0.0952,-1015.0972,706.494,114.1444,11.3125,-4.1801,-59.6609,125.1724,13.8877,161.1549,0.1807,-0.0894,-0.8784,-0.4333,1.3204,0.3511,0.6936,0,0,0,0
1,1.9099,191,-0.6089,0.1856,-2.4208,-701.9111,9.5246,-36.3619,10.0848,-4.2385,-64.7764,118.1999,14.0616,161.3726,0.1861,-0.0758,-0.8506,-0.486,0.8438,-1.0236,2.9124,0,0,0,0
1,1.9199,192,-0.1741,-1.0148,1.0031,-34.5516,-692.8959,46.0986,9.6463,-4.2678,-67.7287,116.0716,16.7514,154.7319,0.2351,-0.1083,-0.8359,-0.484,0.4468,0.1549,-0.5718,0,0,0,0
1,1.9299,193,2.1076,-0.5458,1.3679,-25.7888,-356.5166,102.7121,9.6463,-4.2678,-67.7287,114.6863,17.3549,150.903,0.2569,-0.1303,-0.826,-0.4844,-1.8104,-0.3174,-0.9599,0,0,0,0
1,1.9399,194,0.6519,-1.3087,-0.5524,-8.2299,19.8452,-72.1375,8.4771,-6.5186,-68.8103,114.7557,17.9314,151.4033,0.2587,-0.1241,-0.8269,-0.4836,-0.3484,0.4415,0.947,0,0,0,0
1,1.9499,195,0.5827,-0.9915,0.7104,141.7436,-23.3234,-33.3843,9.6171,-6.7524,-68.7518,116.1504,18.335,151.3319,0.2603,-0.1258,-0.8327,-0.4723,-0.2709,0.1351,-0.2987,0,0,0,0
1,1.9599,196,0.4872,-1.1649,0.7521,-3.6695,-67.6148,-33.5608,9.8509,-5.7001,-68.9564,115.9516,18.9301,150.8372,0.2666,-0.1261,-0.8313,-0.4711,-0.1668,0.3145,-0.3348,0,0,0,0
1,1.9699,197,0.4618,-1.2284,0.3419,25.2358,-170.334,-8.828,9.6463,-5.9632,-69.8042,115.677,19.7442,149.2485,0.279,-0.1331,-0.8284,-0.4672,-0.1289,0.3791,0.0678,0,0,0,0
1,1.9799,198,0.434,-1.093,0.5983,13.9648,-132.6083,14.5876,9.9678,-6.9863,-69.4534,115.3583,20.1792,147.9067,0.2878,-0.14,-0.8255,-0.465,-0.0912,0.245,-0.194,0,0,0,0
1,1.9899,199,0.3088,-1.181,0.5126,-1.3066,-106.3848,19.4965,9.9678,-6.9863,-69.4534,114.9577,20.4504,146.7903,0.2946,-0.1457,-0.8225,-0.4642,0.039,0.3319,-0.1149,0,0,0,0
1,1.9999,200,0.2802,-1.0641,0.5491,12.8563,-100.1909,27.9797,9.9094,-6.577,-70.0088,114.7014,20.6128,145.6931,0.3005,-0.1521,-0.82,-0.4628,0.071,0.214,-0.1566,0,0,0,0
1,2.0099,201,0.2603,-0.9877,0.5336,5.9113,-66.5669,25.1333,8.7694,-5.6709,-69.9503,114.499,20.6527,144.9397,0.3041,-0.1568,-0.8182,-0.4621,0.0923,0.1367,-0.1444,0,0,0,0
1,2.0199,202,0.3052,-0.9504,0.378,-4.1824,-44.7289,20.8226,8.5063,-6.0216,-70.1842,114.2713,20.6457,144.4124,0.3065,-0.1599,-0.8165,-0.4623,0.0475,0.098,0.0079,0,0,0,0
1,2.0299,203,0.3567,-0.9155,0.347,-5.7801,-18.1404,17.0613,8.3601,-7.9509,-70.3011,114.1252,20.5634,144.1613,0.3071,-0.1617,-0.8156,-0.4629,-0.0047,0.0615,0.0362,0,0,0,0
1,2.0399,204,0.3302,-0.9075,0.3169,-1.6185,5.5512,17.186,8.3601,-7.9509,-70.3011,114.102,20.3838,144.1413,0.3061,-0.1627,-0.8154,-0.4636,0.0192,0.0523,0.0658,0,0,0,0
1,2.0499,205,0.3435,-0.8683,0.3338,5.5934,15.7785,18.7045,9.0032,-6.6355,-69.8042,114.1833,20.1489,144.2143,0.3041,-0.1635,-0.8158,-0.4639,0.0025,0.0122,0.05,0,0,0,0
1,2.0599,206,0.3646,-0.8568,0.3806,10.8315,24.0805,20.4596,8.214,-6.0801,-69.7457,114.342,19.8681,144.3617,0.3014,-0.1642,-0.8166,-0.464,-0.0229,0.0001,0.0058,0,0,0,0
1,2.0699,207,0.3502,-0.8416,0.4424,14.5524,33.8367,25.9648,8.0678,-5.6124,-69.4534,114.5599,19.4926,144.5764,0.2977,-0.1651,-0.8177,-0.4642,-0.0141,-0.0156,-0.0522,0,0,0,0
1,2.0799,208,0.3647,-0.8343,0.4645,17.1415,47.1703,26.8614,8.7986,-7.1324,-70.0088,114.8427,19.0528,144.9134,0.293,-0.1655,-0.8192,-0.4643,-0.0355,-0.0234,-0.0695,0,0,0,0
1,2.0899,209,0.2899,-0.8163,0.4629,17.0959,51.3689,26.239,8.7986,-7.1324,-70.0088,115.1354,18.5996,145.2903,0.2881,-0.1657,-0.8209,-0.4645,0.0318,-0.0416,-0.0623,0,0,0,0
1,2.0999,210,0.265,-0.7734,0.4634,10.5634,35.0214,23.3783,8.1263,-6.8986,-69.0734,115.3141,18.2398,145.5208,0.2844,-0.1662,-0.8218,-0.4648,0.0502,-0.0849,-0.0585,0,0,0,0
1,2.1099,211,0.2335,-0.7571,0.4544,4.2272,28.5129,14.9032,8.3894,-6.9278,-68.7518,115.4396,17.9715,145.7453,0.2815,-0.1662,-0.8226,-0.4652,0.0767,-0.1018,-0.0469,0,0,0,0
1,2.1199,212,0.23,-0.795,0.4471,1.2926,28.6998,7.088,8.0386,-5.7878,-68.3134,115.5265,17.785,145.9862,0.2792,-0.1656,-0.8233,-0.4657,0.0765,-0.0642,-0.0373,0,0,0,0
1,2.1299,213,0.2552,-0.7651,0.4543,-0.4177,19.6547,-0.23,7.8047,-6.6647,-68.5764,115.5795,17.703,146.1738,0.2778,-0.1647,-0.8237,-0.466,0.0493,-0.0941,-0.0432,0,0,0,0
1,2.1399,214,0.2518,-0.788,0.3875,-8.5466,12.6753,-3.6262,8.1263,-7.8924,-68.898,115.5355,17.6815,146.3103,0.2771,-0.1638,-0.8237,-0.4667,0.0519,-0.0715,0.0235,0,0,0,0
1,2.1499,215,0.3003,-0.8156,0.3726,-9.0287,5.9367,-3.3652,8.1263,-7.8924,-68.898,115.4669,17.6866,146.3817,0.277,-0.1631,-0.8236,-0.4674,0.0035,-0.0444,0.0375,0,0,0,0
1,2.1599,216,0.2757,-0.8394,0.3519,-8.1331,4.3979,-1.5198,7.7755,-7.3663,-69.0441,115.3671,17.6817,146.3917,0.2771,-0.1628,-0.8232,-0.4681,0.028,-0.0211,0.057,0,0,0,0
1,2.1699,217,0.286,-0.797,0.3493,-3.6735,7.0681,-3.473,7.9509,-7.454,-68.6641,115.3555,17.6831,146.4744,0.2767,-0.1621,-0.8232,-0.4684,0.0177,-0.0639,0.0588,0,0,0,0
1,2.1799,218,0.2735,-0.8124,0.3379,-3.6638,12.0132,-6.2898,8.214,-6.3724,-68.6641,115.362,17.689,146.6165,0.2762,-0.1611,-0.8235,-0.4687,0.0303,-0.0486,0.0701,0,0,0,0
1,2.1899,219,0.2692,-0.8218,0.3434,-4.0068,11.3762,-7.7555,7.8632,-7.2786,-68.7811,115.3652,17.7109,146.7592,0.2758,-0.16,-0.8237,-0.469,0.0349,-0.039,0.0647,0,0,0,0
1,2.1999,220,0.2676,-0.8248,0.333,-4.5865,8.6283,-7.9829,7.8632,-7.2786,-68.7811,115.3551,17.7466,146.8768,0.2755,-0.1589,-0.8238,-0.4692,0.037,-0.0359,0.075,0,0,0,0
1,2.2099,221,0.2613,-0.8206,0.3434,-7.2765,6.4969,-9.4529,7.8924,-5.9632,-68.7226,115.3024,17.7971,146.9651,0.2756,-0.1579,-0.8237,-0.4697,0.044,-0.0401,0.064,0,0,0,0
1,2.2199,222,0.2548,-0.8215,0.3263,-9.7875,3.1426,-11.2428,8.7109,-6.6063,-68.8103,115.2289,17.8856,147.0449,0.276,-0.1568,-0.8236,-0.4701,0.0518,-0.0393,0.0798,0,0,0,0
1,2.2299,223,0.2553,-0.8236,0.3272,-7.1897,1.3282,-12.2824,8.8863,-6.8693,-68.8395,115.1776,17.9913,147.112,0.2765,-0.1557,-0.8235,-0.4704,0.0529,-0.0373,0.0777,0,0,0,0
1,2.2399,224,0.2721,-0.8351,0.3378,-3.9532,1.0443,-13.695,8.9448,-7.2786,-68.9857,115.1599,18.1111,147.1827,0.277,-0.1545,-0.8235,-0.4703,0.038,-0.0254,0.0665,0,0,0,0
1,2.2499,225,0.2898,-0.8495,0.3558,-1.9803,0.3568,-13.9892,8.4771,-6.1386,-68.5472,115.1604,18.2364,147.2481,0.2776,-0.1535,-0.8236,-0.4702,0.0224,-0.0104,0.0481,0,0,0,0
1,2.2599,226,0.2793,-0.8499,0.3668,-2.5149,-0.2454,-13.0539,8.4771,-6.1386,-68.5472,115.1439,18.3442,147.2902,0.2782,-0.1526,-0.8236,-0.4701,0.0348,-0.0094,0.0367,0,0,0,0
1,2.2699,227,0.2824,-0.8434,0.3833,-1.6608,-0.1032,-12.3565,9.2955,-6.1386,-68.898,115.1442,18.4567,147.3441,0.2787,-0.1517,-0.8237,-0.4699,0.0335,-0.0155,0.0198,0,0,0,0
1,2.2799,228,0.2766,-0.8282,0.3911,-1.5096,-1.2026,-12.0472,9.0324,-6.7232,-68.7518,115.1424,18.571,147.3861,0.2793,-0.1508,-0.8238,-0.4697,0.0412,-0.0301,0.0118,0,0,0,0
1,2.2899,229,0.2639,-0.8201,0.3975,-2.0183,-1.8091,-11.7211,8.7401,-6.1386,-69.1318,115.1333,18.6849,147.4208,0.28,-0.15,-0.8238,-0.4695,0.0557,-0.0377,0.005,0,0,0,0
1,2.2999,230,0.2581,-0.811,0.4068,-1.4943,-4.6786,-12.4893,8.4478,-6.197,-69.3072,115.1217,18.8179,147.4315,0.2808,-0.1493,-0.8238,-0.4693,0.0636,-0.0463,-0.0048,0,0,0,0
1,2.3099,231,0.2588,-0.8202,0.4197,-1.1133,-6.3311,-14.2956,8.4478,-6.197,-69.3072,115.1236,18.9576,147.4431,0.2817,-0.1485,-0.8238,-0.4689,0.0653,-0.0364,-0.0182,0,0,0,0
1,2.3199,232,0.278,-0.8368,0.4394,-0.2973,-7.7481,-15.8452,9.7048,-6.0216,-69.4534,115.1192,19.1339,147.4393,0.2829,-0.1477,-0.8238,-0.4684,0.0486,-0.019,-0.0382,0,0,0,0
1,2.3299,233,0.2892,-0.8466,0.4357,-0.8408,-7.6045,-16.2696,9.4125,-7.074,-69.1903,115.1106,19.3135,147.4387,0.2842,-0.1468,-0.8238,-0.468,0.0404,-0.0082,-0.035,0,0,0,0
1,2.3399,234,0.3152,-0.856,0.4343,-0.3844,-8.4856,-16.5422,9.5001,-6.7816,-69.1026,115.104,19.4993,147.4308,0.2854,-0.146,-0.8238,-0.4675,0.0174,0.002,-0.0342,0,0,0,0
1,2.3499,235,0.3438,-0.8736,0.4435,-0.6479,-7.1352,-16.6216,9.0909,-6.7524,-68.7811,115.0993,19.6801,147.4363,0.2867,-0.1451,-0.8238,-0.467,-0.0081,0.0206,-0.0439,0,0,0,0
1,2.3599,236,0.3598,-0.8853,0.4404,-1.8281,-4.6282,-16.6044,9.0909,-6.7524,-68.7811,115.0979,19.8514,147.4739,0.2877,-0.144,-0.8239,-0.4667,-0.0212,0.0332,-0.0413,0,0,0,0
1,2.3699,237,0.367,-0.8897,0.4198,-4.8271,-1.9113,-15.4823,8.8571,-6.7524,-69.1903,115.0668,19.9999,147.5246,0.2885,-0.1428,-0.8238,-0.4666,-0.0259,0.0383,-0.0213,0,0,0,0
1,2.3799,238,0.3575,-0.8987,0.3761,-5.1026,0.839,-14.695,8.7694,-7.4247,-69.5411,115.041,20.1297,147.5983,0.2891,-0.1416,-0.8238,-0.4666,-0.0141,0.0479,0.0216,0,0,0,0
1,2.3899,239,0.355,-0.9003,0.3437,-4.1953,1.7208,-13.4057,9.3832,-7.5124,-69.1026,115.0254,20.2442,147.6749,0.2896,-0.1405,-0.8238,-0.4666,-0.0097,0.05,0.0534,0,0,0,0
1,2.3999,240,0.3464,-0.9035,0.3076,-3.4912,1.6744,-11.8791,9.7925,-7.5124,-68.7518,115.0145,20.345,147.7442,0.29,-0.1395,-0.8239,-0.4666,0.0006,0.0536,0.089,0,0,0,0
1,2.4099,241,0.3422,-0.891,0.3032,-0.2781,-0.1178,-11.427,9.0032,-5.5832,-69.1611,114.9789,20.4468,147.7376,0.2907,-0.1389,-0.8237,-0.4665,0.0065,0.0416,0.0931,0,0,0,0
1,2.4199,242,0.3466,-0.8934,0.3205,0.1844,-4.0888,-11.8199,9.0032,-5.5832,-69.1611,114.9853,20.5713,147.7508,0.2915,-0.1383,-0.8238,-0.4661,0.004,0.0445,0.0751,0,0,0,0
1,2.4299,243,0.3555,-0.8835,0.3228,0.6982,-4.8338,-11.2352,9.2371,-6.1678,-69.2488,114.9934,20.6936,147.7541,0.2923,-0.1377,-0.8238,-0.4658,-0.0028,0.0353,0.0725,0,0,0,0
1,2.4399,244,0.3585,-0.8737,0.3228,0.8679,-4.7221,-10.8291,9.4417,-6.5478,-69.3072,115.003,20.8117,147.7568,0.2931,-0.1371,-0.8239,-0.4654,-0.0039,0.0263,0.0723,0,0,0,0
1,2.4499,245,0.3495,-0.8618,0.3235,-0.3309,-6.9963,-10.1165,9.9094,-7.1909,-69.0149,114.9916,20.9328,147.7341,0.294,-0.1367,-0.8238,-0.465,0.0071,0.0151,0.0713,0,0,0,0
1,2.4599,246,0.3371,-0.8396,0.3199,-2.4032,-9.1367,-10.2347,9.4417,-7.5417,-69.4534,114.9324,21.0617,147.6686,0.2952,-0.1364,-0.8235,-0.4649,0.0214,-0.0067,0.0741,0,0,0,0
1,2.4699,247,0.3365,-0.8353,0.3261,-1.834,-9.2222,-11.7768,9.4417,-7.5417,-69.4534,114.9007,21.2072,147.6315,0.2964,-0.1359,-0.8233,-0.4647,0.0243,-0.0106,0.0668,0,0,0,0
1,2.4799,248,0.3542,-0.8321,0.3439,-0.0271,-6.8814,-13.1218,9.1494,-6.4016,-69.4241,114.8973,21.3552,147.6231,0.2974,-0.1352,-0.8233,-0.4642,0.009,-0.013,0.0483,0,0,0,0
1,2.4899,249,0.3731,-0.8386,0.3667,2.3114,-5.3375,-13.848,8.8571,-6.1678,-69.3364,114.924,21.5033,147.6331,0.2983,-0.1345,-0.8234,-0.4636,-0.0074,-0.0055,0.0254,0,0,0,0
1,2.4999,250,0.3849,-0.847,0.3818,1.9202,-5.6745,-13.3223,9.5586,-7.3663,-69.278,114.9448,21.6481,147.6375,0.2992,-0.1338,-0.8235,-0.4631,-0.0169,0.0039,0.0102,0,0,0,0
1,2.5099,251,0.3889,-0.8449,0.3835,0.2344,-7.7747,-12.0222,9.6463,-7.4247,-69.5995,114.9353,21.795,147.6134,0.3003,-0.1332,-0.8234,-0.4627,-0.0185,0.0026,0.0082,0,0,0,0
1,2.5199,252,0.3839,-0.8347,0.3758,-0.0241,-8.1421,-10.833,9.1494,-7.9509,-69.7457,114.9235,21.9275,147.5824,0.3014,-0.1328,-0.8233,-0.4623,-0.0112,-0.0068,0.0153,0,0,0,0
1,2.5299,253,0.378,-0.8291,0.3837,0.8609,-8.1357,-10.9916,9.1494,-7.9509,-69.7457,114.9207,22.0613,147.5522,0.3024,-0.1324,-0.8232,-0.4619,-0.0032,-0.0117,0.007,0,0,0,0
1,2.5399,254,0.3842,-0.8292,0.3923,0.5413,-9.1403,-11.2109,8.974,-6.2847,-69.9503,114.9113,22.2013,147.513,0.3035,-0.1319,-0.8232,-0.4614,-0.0072,-0.0108,-0.0021,0,0,0,0
1,2.5499,255,0.389,-0.8332,0.3913,0.4809,-8.5595,-11.2166,8.594,-6.5186,-70.2134,114.9034,22.339,147.4796,0.3045,-0.1315,-0.8231,-0.461,-0.0097,-0.0061,-0.0016,0,0,0,0
1,2.5599,256,0.3901,-0.8347,0.3941,0.987,-8.1836,-11.1298,9.2078,-7.074,-70.4765,114.9065,22.4764,147.4555,0.3056,-0.131,-0.823,-0.4605,-0.0086,-0.0037,-0.0048,0,0,0,0
1,2.5699,257,0.3862,-0.8287,0.3952,0.3796,-7.7786,-10.9921,8.8571,-8.4771,-69.8918,114.8999,22.6088,147.4286,0.3066,-0.1306,-0.823,-0.4601,-0.0026,-0.009,-0.0063,0,0,0,0
1,2.5799,258,0.3876,-0.8203,0.4005,-1.1324,-7.6514,-11.608,8.8571,-8.4771,-69.8918,114.8797,22.7462,147.4057,0.3076,-0.13,-0.8229,-0.4598,-0.0018,-0.0166,-0.0122,0,0,0,0
1,2.5899,259,0.3888,-0.8283,0.3912,-3.0112,-7.9026,-12.1689,8.7986,-6.7816,-70.4472,114.8407,22.8897,147.3828,0.3087,-0.1294,-0.8227,-0.4596,-0.0007,-0.008,-0.0038,0,0,0,0
1,2.5999,260,0.3966,-0.8292,0.3608,-2.6433,-7.6271,-12.2086,8.6232,-6.9863,-70.4765,114.8063,23.0324,147.3626,0.3097,-0.1287,-0.8225,-0.4594,-0.0062,-0.0064,0.0257,0,0,0,0
1,2.6099,261,0.3911,-0.8293,0.3503,-1.2865,-6.9052,-11.3678,8.9155,-7.4832,-70.8272,114.7746,23.1649,147.3322,0.3108,-0.1282,-0.8223,-0.4591,0.0015,-0.0057,0.0354,0,0,0,0
1,2.6199,262,0.3837,-0.8296,0.3437,-1.0621,-8.7325,-10.5507,9.0324,-6.7232,-71.2365,114.7486,23.2971,147.2933,0.3118,-0.1278,-0.8221,-0.4588,0.011,-0.0047,0.0411,0,0,0,0
1,2.6299,263,0.3824,-0.8245,0.3542,0.1151,-9.7207,-10.4822,9.0324,-6.7232,-71.2365,114.7302,23.4328,147.2443,0.313,-0.1274,-0.822,-0.4584,0.0144,-0.0091,0.0298,0,0,0,0
1,2.6399,264,0.394,-0.8133,0.3883,2.7874,-7.673,-11.5573,8.6817,-7.2493,-70.7395,114.7485,23.5698,147.2205,0.3139,-0.127,-0.822,-0.4578,0.005,-0.0195,-0.0046,0,0,0,0
1,2.6499,265,0.4065,-0.8274,0.4211,3.6616,-4.539,-12.5876,8.6524,-6.577,-70.8857,114.7899,23.7032,147.2324,0.3147,-0.1264,-0.8222,-0.4571,-0.0053,-0.0043,-0.0373,0,0,0,0
1,2.6599,266,0.4354,-0.8521,0.4313,2.4134,-3.9699,-12.2311,8.6232,-7.7463,-70.7688,114.8346,23.8371,147.2667,0.3154,-0.1256,-0.8224,-0.4565,-0.032,0.0215,-0.0473,0,0,0,0
1,2.6699,267,0.4421,-0.8584,0.4207,0.0952,-3.3514,-11.1434,8.9448,-7.9217,-71.0611,114.8426,23.9524,147.2841,0.3161,-0.1249,-0.8224,-0.4562,-0.0368,0.0288,-0.0367,0,0,0,0
1,2.6799,268,0.4444,-0.8588,0.4092,0.0466,-3.2855,-10.2197,8.9155,-8.5355,-71.0026,114.8486,24.059,147.298,0.3168,-0.1243,-0.8224,-0.4558,-0.0373,0.0299,-0.0254,0,0,0,0
1,2.6899,269,0.4523,-0.859,0.3984,0.4879,-4.3476,-9.1903,8.9155,-8.5355,-71.0026,114.8529,24.1606,147.2966,0.3174,-0.1239,-0.8224,-0.4555,-0.0437,0.0308,-0.0149,0,0,0,0
1,2.6999,270,0.4631,-0.8589,0.4017,1.8446,-3.9919,-7.9918,8.2724,-7.1909,-70.8272,114.87,24.2499,147.2933,0.318,-0.1235,-0.8225,-0.4551,-0.0528,0.0314,-0.0183,0,0,0,0
1,2.7099,271,0.4606,-0.8588,0.4018,3.1985,-2.0475,-6.7932,8.3017,-6.957,-71.2072,114.9104,24.3358,147.3139,0.3185,-0.1231,-0.8226,-0.4546,-0.0491,0.032,-0.0182,0,0,0,0
1,2.7199,272,0.4591,-0.855,0.3965,3.2852,-2.7644,-5.9889,8.9155,-7.6586,-71.2072,114.9432,24.4018,147.3138,0.3189,-0.1228,-0.8228,-0.4542,-0.0463,0.029,-0.0126,0,0,0,0
1,2.7299,273,0.4617,-0.8594,0.3986,3.2888,-1.3154,-5.0164,8.7401,-8.2724,-71.3242,114.9802,24.4528,147.3237,0.3191,-0.1226,-0.8229,-0.4538,-0.048,0.034,-0.0144,0,0,0,0
1,2.7399,274,0.4534,-0.8625,0.4002,3.892,1.7277,-4.1898,8.7401,-8.2724,-71.3242,115.0342,24.4837,147.3602,0.3191,-0.1224,-0.8232,-0.4534,-0.0391,0.0377,-0.0154,0,0,0,0
1,2.7499,275,0.4461,-0.8576,0.3925,2.8489,3.5139,-3.1759,8.2432,-7.074,-71.8796,115.0833,24.4978,147.4099,0.319,-0.1221,-0.8234,-0.4532,-0.0316,0.0333,-0.007,0,0,0,0
1,2.7599,276,0.4432,-0.8559,0.3827,1.477,2.8378,-2.9362,7.9217,-7.2201,-71.4411,115.0999,24.5264,147.4386,0.319,-0.1218,-0.8235,-0.453,-0.0283,0.032,0.0033,0,0,0,0
1,2.7699,277,0.4401,-0.8497,0.3793,0.1773,2.3564,-3.0043,8.1555,-8.6232,-71.938,115.1172,24.5438,147.476,0.319,-0.1215,-0.8236,-0.453,-0.0248,0.026,0.0067,0,0,0,0
1,2.7799,278,0.4423,-0.8456,0.3739,1.5387,5.3236,-3.3331,8.7109,-8.4186,-71.938,115.161,24.5516,147.5445,0.3187,-0.1211,-0.8238,-0.4528,-0.0268,0.0221,0.0125,0,0,0,0
1,2.7899,279,0.4487,-0.853,0.3675,3.0748,7.7134,-2.9749,8.6524,-7.074,-72.0842,115.2294,24.546,147.6352,0.3183,-0.1206,-0.8242,-0.4526,-0.0332,0.03,0.0198,0,0,0,0
1,2.7999,280,0.4543,-0.8583,0.3666,2.9161,6.1026,-2.7694,8.6524,-7.074,-72.0842,115.2892,24.5453,147.7089,0.3179,-0.1203,-0.8245,-0.4524,-0.0389,0.0357,0.0217,0,0,0,0
1,2.8099,281,0.4644,-0.8603,0.3779,2.7306,4.2435,-2.9529,9.0032,-8.4186,-71.9965,115.3272,24.575,147.7575,0.3179,-0.1199,-0.8247,-0.4522,-0.0488,0.0381,0.0111,0,0,0,0
1,2.8199,282,0.4701,-0.8704,0.3893,2.2574,4.5683,-2.2225,8.3017,-7.4832,-72.055,115.373,24.5757,147.8134,0.3176,-0.1196,-0.8249,-0.452,-0.0542,0.0486,0.0001,0,0,0,0
1,2.8299,283,0.4745,-0.8621,0.3894,1.4619,4.4663,-0.7408,8.097,-6.9278,-71.9673,115.4075,24.5634,147.8613,0.3173,-0.1194,-0.8251,-0.4519,-0.0587,0.0406,0.0006,0,0,0,0
1,2.8399,284,0.4711,-0.8274,0.3796,0.6741,4.4883,1.3533,7.9217,-7.1909,-71.9965,115.4302,24.5321,147.8996,0.3169,-0.1193,-0.8253,-0.4519,-0.0557,0.0058,0.0109,0,0,0,0
1,2.8499,285,0.452,-0.7807,0.3856,1.0647,5.7725,1.2839,7.9217,-7.1909,-71.9965,115.4621,24.4959,147.951,0.3164,-0.1192,-0.8255,-0.452,-0.0372,-0.0409,0.0054,0,0,0,0
1,2.8599,286,0.4322,-0.7573,0.3933,-0.7405,5.9724,-1.2338,8.4186,-8.0386,-71.6165,115.5088,24.5076,148.0571,0.316,-0.1185,-0.8258,-0.4519,-0.0176,-0.0642,-0.0018,0,0,0,0
1,2.8699,287,0.4288,-0.7577,0.393,-0.2942,7.4391,-4.3113,8.7401,-8.097,-71.558,115.5449,24.5149,148.1512,0.3157,-0.1179,-0.826,-0.4519,-0.014,-0.0634,-0.0009,0,0,0,0
1,2.8799,288,0.4305,-0.7751,0.3904,-0.7109,8.7912,-6.135,9.2078,-8.4771,-71.6165,115.586,24.5327,148.2674,0.3153,-0.1171,-0.8263,-0.4518,-0.0154,-0.0456,0.0023,0,0,0,0
1,2.8899,289,0.4315,-0.7989,0.3861,-1.8149,8.2951,-6.2872,8.2724,-8.1847,-71.0903,115.6143,24.554,148.3794,0.315,-0.1163,-0.8265,-0.4519,-0.016,-0.0214,0.007,0,0,0,0
1,2.8999,290,0.4228,-0.8015,0.3576,-1.9079,8.6708,-6.298,8.2724,-7.454,-70.9442,115.6434,24.5737,148.4953,0.3146,-0.1154,-0.8267,-0.4519,-0.007,-0.0185,0.0358,0,0,0,0
1,2.9099,291,0.4274,-0.813,0.3355,-1.9653,6.7671,-6.7763,8.2724,-7.454,-70.9442,115.636,24.618,148.5633,0.3147,-0.1147,-0.8267,-0.452,-0.0112,-0.0067,0.0581,0,0,0,0
1,2.9199,292,0.4272,-0.8355,0.3299,-0.2808,6.3134,-6.8614,8.6232,-7.9217,-71.0026,115.6728,24.6529,148.6585,0.3145,-0.114,-0.827,-0.4519,-0.0103,0.0161,0.0636,0,0,0,0
1,2.9299,293,0.4309,-0.8515,0.3215,1.4683,6.938,-6.2074,9.6171,-7.7463,-71.3242,115.7285,24.6791,148.7568,0.3142,-0.1133,-0.8273,-0.4517,-0.0136,0.0327,0.0727,0,0,0,0
1,2.9399,294,0.4385,-0.8577,0.3147,3.4275,6.3683,-5.5935,8.6232,-7.1909,-71.4411,115.8002,24.7022,148.8465,0.3139,-0.1127,-0.8276,-0.4514,-0.0208,0.0395,0.0803,0,0,0,0
1,2.9499,295,0.4451,-0.8626,0.319,5.8591,6.2639,-5.1004,8.5355,-7.2201,-71.2657,115.8949,24.7211,148.933,0.3136,-0.1123,-0.8281,-0.4509,-0.027,0.0451,0.0772,0,0,0,0
1,2.9599,296,0.4513,-0.8657,0.3274,6.0676,4.4047,-4.3888,8.5355,-7.2201,-71.2657,115.9416,24.7548,148.9522,0.3137,-0.1121,-0.8283,-0.4505,-0.0328,0.049,0.0699,0,0,0,0
1,2.9699,297,0.4586,-0.8644,0.3396,6.3749,3.0398,-3.6124,9.0324,-7.2201,-70.6226,116.0252,24.7741,148.9997,0.3136,-0.1119,-0.8287,-0.45,-0.0397,0.0482,0.0583,0,0,0,0
1,2.9799,298,0.4602,-0.8586,0.3467,7.0325,2.2992,-3.2166,9.1201,-7.8632,-70.4472,116.1115,24.7931,149.0379,0.3135,-0.1118,-0.829,-0.4494,-0.041,0.0432,0.0524,0,0,0,0
1,2.9899,299,0.4572,-0.8619,0.3526,7.6095,2.0133,-2.5161,9.4125,-8.5647,-71.2657,116.2011,24.807,149.07,0.3134,-0.1117,-0.8294,-0.4488,-0.0377,0.0472,0.0477,0,0,0,0
1,2.9999,300,0.4577,-0.8532,0.3658,8.6325,1.3352,-1.7817,8.594,-7.6586,-70.9442,116.2966,24.8172,149.0919,0.3133,-0.1118,-0.8298,-0.4481,-0.038,0.0392,0.0358,0,0,0,0
1,3.0099,301,0.4669,-0.8583,0.3871,9.352,1.6096,-1.7108,8.594,-7.6586,-70.9442,116.3882,24.8378,149.106,0.3133,-0.1118,-0.8302,-0.4474,-0.047,0.0451,0.0159,0,0,0,0
1,3.0199,302,0.4754,-0.8729,0.4172,9.774,2.5912,-1.1941,8.4186,-8.0094,-70.6226,116.4991,24.8371,149.1374,0.313,-0.1119,-0.8306,-0.4467,-0.0553,0.0604,-0.0129,0,0,0,0
1,3.0299,303,0.4734,-0.8767,0.4238,8.4452,2.8829,0.165,8.5647,-8.974,-71.0026,116.5952,24.8229,149.1651,0.3127,-0.112,-0.831,-0.4461,-0.0535,0.0649,-0.018,0,0,0,0
1,3.0399,304,0.4694,-0.8678,0.4202,6.9732,1.8392,1.6316,8.4478,-8.3309,-71.3242,116.6692,24.8001,149.1753,0.3125,-0.1122,-0.8313,-0.4457,-0.0498,0.0565,-0.0131,0,0,0,0
1,3.0499,305,0.4572,-0.8626,0.4193,5.8178,1.5093,2.5097,9.0032,-8.7986,-71.0319,116.7285,24.771,149.1778,0.3122,-0.1125,-0.8316,-0.4454,-0.038,0.0516,-0.0113,0,0,0,0
1,3.0599,306,0.4488,-0.8472,0.4062,5.377,0.9335,3.0119,8.4478,-7.4832,-70.5934,116.7673,24.7481,149.1599,0.3121,-0.1129,-0.8317,-0.4451,-0.03,0.0364,0.0026,0,0,0,0
1,3.0699,307,0.443,-0.8424,0.4005,6.66,1.5559,2.8738,8.4478,-7.4832,-70.5934,116.8344,24.7155,149.161,0.3118,-0.1132,-0.832,-0.4447,-0.0247,0.0317,0.0091,0,0,0,0
1,3.0799,308,0.4384,-0.8415,0.407,7.6121,2.2089,3.6712,8.7986,-8.0678,-71.2657,116.912,24.6728,149.1647,0.3114,-0.1136,-0.8323,-0.4443,-0.0207,0.0311,0.0039,0,0,0,0
1,3.0899,309,0.4274,-0.8322,0.4087,6.4936,1.7945,4.5134,9.0032,-7.6293,-70.8565,116.9751,24.6244,149.16,0.311,-0.114,-0.8326,-0.4439,-0.0105,0.022,0.0032,0,0,0,0
1,3.0999,310,0.4042,-0.8125,0.4065,4.8972,1.7078,5.128,8.9448,-8.1263,-70.1549,117.0205,24.571,149.1514,0.3107,-0.1145,-0.8328,-0.4437,0.012,0.0023,0.0063,0,0,0,0
1,3.1099,311,0.3862,-0.7861,0.4071,3.676,0.5591,5.1161,7.9217,-8.6232,-69.7457,117.0586,24.5105,149.1385,0.3103,-0.1149,-0.8329,-0.4436,0.0291,-0.0241,0.0065,0,0,0,0
1,3.1199,312,0.3757,-0.7707,0.4062,4.1332,0.8995,3.6163,7.9217,-8.6232,-69.7457,117.0962,24.4742,149.1294,0.31,-0.1153,-0.8331,-0.4434,0.0388,-0.0396,0.0081,0,0,0,0
1,3.1299,313,0.3853,-0.7759,0.4175,4.6302,0.7346,0.9566,8.214,-7.6001,-70.1842,117.1435,24.4624,149.1319,0.3099,-0.1154,-0.8333,-0.4431,0.0288,-0.0342,-0.0025,0,0,0,0
1,3.1399,314,0.4142,-0.7918,0.4387,5.3598,0.0592,-0.1253,7.7755,-7.6001,-70.5057,117.1976,24.4632,149.1331,0.3098,-0.1156,-0.8335,-0.4427,-0.0001,-0.0179,-0.023,0,0,0,0
1,3.1499,315,0.4365,-0.8043,0.4672,6.2592,1.7061,-0.2997,8.4186,-9.4709,-70.7103,117.2678,24.4582,149.1513,0.3096,-0.1157,-0.8338,-0.4423,-0.0224,-0.005,-0.0506,0,0,0,0
1,3.1599,316,0.4553,-0.8161,0.4873,5.6048,1.4058,0.0654,8.7986,-9.4417,-69.8626,117.3869,24.4719,149.2424,0.3093,-0.1153,-0.8343,-0.4416,-0.0412,0.0074,-0.0695,0,0,0,0
1,3.1699,317,0.4658,-0.8223,0.5002,4.1845,2.2672,1.1219,7.8924,-7.337,-70.2719,117.4356,24.4516,149.259,0.309,-0.1154,-0.8345,-0.4414,-0.0517,0.0143,-0.0811,0,0,0,0
1,3.1799,318,0.4613,-0.8243,0.5004,2.8556,3.622,1.4769,7.8924,-7.337,-70.2719,117.4757,24.4219,149.2869,0.3087,-0.1154,-0.8347,-0.4412,-0.0476,0.0164,-0.0806,0,0,0,0
1,3.1899,319,0.4549,-0.823,0.4831,1.1887,4.7799,2.2048,7.5709,-7.3955,-70.2719,117.5023,24.3804,149.3225,0.3082,-0.1154,-0.8349,-0.4412,-0.0418,0.0152,-0.0627,0,0,0,0
1,3.1999,320,0.4437,-0.8209,0.4597,1.1472,6.6248,2.2099,8.2432,-7.5124,-70.2719,117.5359,24.3304,149.376,0.3076,-0.1153,-0.8351,-0.4413,-0.0314,0.0129,-0.0387,0,0,0,0
1,3.2099,321,0.4294,-0.8128,0.4303,1.185,7.821,2.202,8.4186,-8.6524,-70.5642,117.5768,24.2835,149.4466,0.307,-0.1152,-0.8353,-0.4413,-0.0179,0.0048,-0.0085,0,0,0,0
1,3.2199,322,0.417,-0.8033,0.4148,0.6378,8.1158,1.9029,7.8047,-8.4771,-70.3888,117.6118,24.2293,149.5161,0.3063,-0.115,-0.8355,-0.4414,-0.0063,-0.0047,0.0076,0,0,0,0
1,3.2299,323,0.4083,-0.8082,0.4152,0.7987,8.8168,1.0851,7.8047,-8.4771,-70.3888,117.6527,24.1791,149.5964,0.3057,-0.1148,-0.8358,-0.4415,0.0016,0.0001,0.0079,0,0,0,0
1,3.2399,324,0.4096,-0.8227,0.409,-0.4516,8.4692,1.1601,8.6817,-7.9801,-70.3011,117.6795,24.1298,149.673,0.305,-0.1145,-0.836,-0.4416,-0.0005,0.0146,0.0147,0,0,0,0
1,3.2499,325,0.4097,-0.8253,0.3936,-1.3928,7.3871,1.2765,7.5417,-7.717,-70.8565,117.6923,24.0844,149.7383,0.3044,-0.1143,-0.8361,-0.4418,-0.0013,0.017,0.0306,0,0,0,0
1,3.2599,326,0.4106,-0.8278,0.391,-0.6525,7.5097,1.2574,7.6293,-7.6293,-70.3011,117.6812,24.0423,149.7671,0.304,-0.1142,-0.8361,-0.4421,-0.003,0.0193,0.0335,0,0,0,0
1,3.2699,327,0.4141,-0.8307,0.396,-0.5521,7.4141,1.7621,8.1263,-9.0032,-70.3303,117.7014,23.9925,149.8302,0.3034,-0.1141,-0.8363,-0.4422,-0.0072,0.0219,0.0286,0,0,0,0
1,3.2799,328,0.413,-0.8282,0.3868,-1.7783,7.2755,2.4691,8.1263,-9.0032,-70.0672,117.7073,23.937,149.8884,0.3028,-0.1139,-0.8364,-0.4425,-0.0069,0.0191,0.0381,0,0,0,0
1,3.2899,329,0.4113,-0.8247,0.3866,-1.6826,6.0324,3.1052,7.8924,-8.4478,-70.0672,117.7079,23.8817,149.9312,0.3023,-0.1139,-0.8364,-0.4428,-0.0061,0.0153,0.0385,0,0,0,0
1,3.2999,330,0.4065,-0.8174,0.3856,-1.54,5.0065,3.9908,7.8047,-8.9448,-70.8857,117.704,23.8231,149.9597,0.3018,-0.1139,-0.8365,-0.443,-0.0023,0.0076,0.0397,0,0,0,0
1,3.3099,331,0.4008,-0.8072,0.3845,-0.5949,3.8391,4.417,7.7463,-8.6817,-70.3303,117.6742,23.7699,149.9393,0.3015,-0.1142,-0.8363,-0.4434,0.0026,-0.003,0.0408,0,0,0,0
1,3.3199,332,0.3896,-0.7946,0.3885,0.0502,1.8969,4.2636,7.2493,-8.0386,-70.1842,117.6735,23.7233,149.9362,0.3012,-0.1145,-0.8364,-0.4435,0.013,-0.0161,0.0366,0,0,0,0
1,3.3299,333,0.3885,-0.7829,0.3873,-0.0111,0.6319,3.4683,6.9278,-8.097,-70.2719,117.6689,23.6896,149.9249,0.301,-0.1147,-0.8363,-0.4436,0.0135,-0.028,0.0379,0,0,0,0
1,3.3399,334,0.3916,-0.7824,0.3914,1.5218,0.904,2.1426,6.9278,-8.097,-70.2719,117.6833,23.6664,149.9229,0.3009,-0.1149,-0.8364,-0.4435,0.0099,-0.0287,0.034,0,0,0,0
1,3.3499,335,0.4013,-0.7942,0.4054,2.7512,1.0652,1.1749,7.6878,-8.2432,-70.6811,117.7126,23.6511,149.9273,0.3007,-0.115,-0.8365,-0.4434,-0.0001,-0.0168,0.0204,0,0,0,0
1,3.3599,336,0.4057,-0.8089,0.4168,2.5395,0.0468,0.8178,7.717,-9.1494,-70.8272,117.7197,23.6568,149.9079,0.3008,-0.1151,-0.8365,-0.4433,-0.0046,-0.0019,0.0093,0,0,0,0
1,3.3699,337,0.4072,-0.8109,0.4127,1.8052,-0.7112,0.9972,7.0155,-8.7986,-70.7103,117.733,23.6512,149.896,0.3008,-0.1153,-0.8366,-0.4431,-0.006,0.0001,0.0135,0,0,0,0
1,3.3799,338,0.4091,-0.8123,0.4241,1.8474,-1.2754,1.0204,7.1909,-8.4771,-70.2134,117.7445,23.6481,149.8785,0.3009,-0.1154,-0.8366,-0.443,-0.0079,0.0016,0.0023,0,0,0,0
1,3.3899,339,0.4073,-0.8128,0.4391,1.5858,-1.4804,0.9765,7.1909,-8.4771,-70.2134,117.7526,23.6462,149.8592,0.3009,-0.1156,-0.8366,-0.4429,-0.0062,0.0021,-0.0126,0,0,0,0
1,3.3999,340,0.4028,-0.8176,0.4422,1.4338,-0.5914,0.9237,7.1616,-7.8047,-70.7103,117.7628,23.6408,149.8488,0.3009,-0.1157,-0.8366,-0.4428,-0.0017,0.0069,-0.0155,0,0,0,0
1,3.4099,341,0.4075,-0.8235,0.4388,1.9966,0.052,0.4775,7.7755,-9.4709,-70.3888,117.7977,23.6416,149.8682,0.3008,-0.1157,-0.8368,-0.4426,-0.0065,0.013,-0.0119,0,0,0,0
1,3.4199,342,0.4201,-0.8323,0.4418,2.7129,0.9662,0.1793,7.5417,-8.5063,-70.7103,117.8282,23.6356,149.8767,0.3007,-0.1157,-0.8369,-0.4424,-0.0191,0.022,-0.0143,0,0,0,0
1,3.4299,343,0.4227,-0.8371,0.4433,3.4028,1.9363,0.474,7.2786,-8.9448,-70.4472,117.8688,23.6224,149.893,0.3005,-0.1158,-0.8371,-0.4422,-0.0219,0.0271,-0.0153,0,0,0,0
1,3.4399,344,0.4263,-0.8355,0.4437,2.8495,1.5589,1.2746,7.3663,-8.5647,-70.8565,117.9008,23.6039,149.9016,0.3003,-0.1159,-0.8372,-0.4421,-0.0258,0.0256,-0.0151,0,0,0,0
1,3.4499,345,0.4177,-0.8317,0.4424,2.2213,1.6453,1.9447,7.3663,-8.5647,-70.8565,117.9254,23.5791,149.9077,0.3001,-0.116,-0.8373,-0.442,-0.0175,0.0219,-0.0133,0,0,0,0
1,3.4599,346,0.4082,-0.8248,0.4424,1.6691,1.8099,2.1477,7.9509,-9.2371,-70.5349,117.9541,23.5507,149.9254,0.2998,-0.1161,-0.8375,-0.4419,-0.0085,0.0151,-0.013,0,0,0,0
1,3.4699,347,0.4028,-0.8221,0.4405,1.2662,1.901,1.8117,7.1616,-9.5294,-70.4472,117.9704,23.5258,149.9346,0.2996,-0.1162,-0.8376,-0.4419,-0.0035,0.0123,-0.0106,0,0,0,0
1,3.4799,348,0.3985,-0.8185,0.4369,0.9764,1.6897,1.2447,7.4247,-8.1555,-70.6519,117.9841,23.5069,149.9445,0.2994,-0.1162,-0.8376,-0.4418,0.0005,0.0087,-0.0067,0,0,0,0
1,3.4899,349,0.4011,-0.821,0.4277,0.6968,1.9722,0.7583,6.8693,-7.9801,-70.5349,117.9972,23.4911,149.9597,0.2992,-0.1162,-0.8377,-0.4418,-0.0024,0.0112,0.0028,0,0,0,0
1,3.4999,350,0.4033,-0.8189,0.4131,-0.0326,1.1001,0.6741,6.8693,-7.9801,-70.5349,117.9997,23.48,149.9669,0.2991,-0.1162,-0.8377,-0.4419,-0.0048,0.009,0.0175,0,0,0,0
1,3.5099,351,0.4027,-0.8159,0.4032,-0.5018,0.4479,0.7386,7.6001,-9.2078,-69.8334,117.8797,23.5053,149.8387,0.2999,-0.1167,-0.8371,-0.4423,-0.0042,0.0058,0.027,0,0,0,0
1,3.5199,352,0.4035,-0.8156,0.3987,-0.2193,0.6406,0.5562,7.7755,-8.8571,-70.2426,117.8789,23.4974,149.8421,0.2998,-0.1167,-0.8371,-0.4424,-0.0048,0.0049,0.0301,0,0,0,0
1,3.5299,353,0.4055,-0.8221,0.3966,-0.4792,0.3687,0.4412,7.2493,-8.9155,-70.1257,117.8746,23.4918,149.8434,0.2998,-0.1167,-0.8371,-0.4424,-0.0069,0.0114,0.0322,0,0,0,0
1,3.5399,354,0.41,-0.8229,0.4037,-0.8392,-0.766,0.7233,7.0447,-8.3017,-70.7103,117.8618,23.4889,149.8324,0.2998,-0.1168,-0.8371,-0.4425,-0.0114,0.0121,0.025,0,0,0,0
1,3.5499,355,0.4213,-0.8347,0.4158,-0.5886,-0.8121,0.5177,7.2493,-7.7755,-70.038,117.8518,23.4881,149.8219,0.2999,-0.1169,-0.837,-0.4425,-0.0227,0.0238,0.0127,0,0,0,0
1,3.5599,356,0.4304,-0.8473,0.4247,-0.7468,0.1717,0.8327,7.2493,-7.7755,-70.038,117.8068,23.5158,149.7911,0.3002,-0.1168,-0.8368,-0.4427,-0.0317,0.0364,0.0036,0,0,0,0
1,3.5699,357,0.4349,-0.848,0.4149,-1.8649,-0.4687,1.8615,7.4832,-9.2371,-70.0088,117.7826,23.5015,149.7771,0.3002,-0.1169,-0.8367,-0.4429,-0.036,0.0368,0.0127,0,0,0,0
1,3.5799,358,0.4254,-0.8451,0.4097,-2.258,-0.9306,2.6456,7.1324,-8.1847,-70.4765,117.7511,23.4823,149.7548,0.3002,-0.1171,-0.8366,-0.4431,-0.0268,0.0336,0.0175,0,0,0,0
1,3.5899,359,0.4113,-0.8317,0.4015,-2.3593,-0.7598,3.4488,7.0155,-8.7109,-69.9503,117.7177,23.4552,149.7301,0.3001,-0.1173,-0.8364,-0.4434,-0.0131,0.0197,0.0253,0,0,0,0
1,3.5999,360,0.3956,-0.8196,0.4006,-1.3449,-0.4231,3.8571,7.2201,-7.9801,-70.418,117.6949,23.423,149.7066,0.3,-0.1176,-0.8363,-0.4436,0.0021,0.0073,0.0259,0,0,0,0
1,3.6099,361,0.3889,-0.8103,0.4103,-1.3499,-1.048,3.5123,7.2201,-7.9801,-70.418,117.6644,23.394,149.6698,0.3,-0.1179,-0.8362,-0.4438,0.0083,-0.0024,0.016,0,0,0,0
1,3.6199,362,0.3983,-0.8144,0.421,-1.4603,-1.5331,2.9946,8.0094,-8.6524,-70.7103,117.638,23.3745,149.64,0.3,-0.1182,-0.836,-0.4439,-0.0014,0.0013,0.0049,0,0,0,0
1,3.6299,363,0.402,-0.8201,0.423,-0.6994,-0.109,2.8303,7.0447,-9.2078,-70.2426,117.625,23.3498,149.6247,0.2999,-0.1184,-0.836,-0.4441,-0.0055,0.0067,0.0027,0,0,0,0
1,3.6399,364,0.4053,-0.8181,0.4202,-0.9438,-0.1751,2.6852,7.1616,-7.6586,-70.418,117.6095,23.3268,149.6096,0.2998,-0.1185,-0.8359,-0.4442,-0.0092,0.0046,0.0054,0,0,0,0
1,3.6499,365,0.4014,-0.8153,0.4109,-1.2603,-0.5227,2.9159,7.074,-8.1555,-70.5057,117.5892,23.3033,149.5899,0.2998,-0.1187,-0.8358,-0.4444,-0.0056,0.0014,0.0145,0,0,0,0
1,3.6599,366,0.3909,-0.817,0.4079,-0.564,0.4924,2.6892,7.074,-8.1555,-70.5057,117.5534,23.2683,149.5425,0.2998,-0.1191,-0.8356,-0.4446,0.0044,0.0028,0.0173,0,0,0,0
1,3.6699,367,0.3772,-0.8068,0.4031,0.2295,0.2842,2.9771,7.5709,-8.3894,-70.1842,117.551,23.2405,149.5304,0.2996,-0.1194,-0.8356,-0.4447,0.0175,-0.0078,0.0218,0,0,0,0
1,3.6799,368,0.3782,-0.7969,0.4117,1.2728,-0.1875,2.0097,7.2201,-7.9217,-70.0088,117.559,23.2236,149.5186,0.2995,-0.1195,-0.8356,-0.4446,0.0163,-0.0178,0.0133,0,0,0,0
1,3.6899,369,0.3811,-0.8009,0.4247,1.9345,0.1419,1.0706,7.1032,-8.7694,-69.9503,117.5768,23.2134,149.5146,0.2995,-0.1197,-0.8357,-0.4445,0.0131,-0.0138,0.0007,0,0,0,0
1,3.6999,370,0.3874,-0.806,0.425,1.6441,-0.4538,0.913,7.1032,-9.8217,-70.3888,117.5897,23.2074,149.5057,0.2995,-0.1198,-0.8358,-0.4444,0.0067,-0.0086,0.0006,0,0,0,0
1,3.7099,371,0.3938,-0.8148,0.4232,2.1208,-0.2256,0.7,7.2493,-8.974,-70.5934,117.6101,23.2004,149.5007,0.2994,-0.1199,-0.8358,-0.4443,0.0002,0.0003,0.0027,0,0,0,0
1,3.7199,372,0.3916,-0.8152,0.4284,2.0262,0.0953,0.8621,7.2493,-8.974,-70.5934,117.629,23.1923,149.4974,0.2993,-0.12,-0.8359,-0.4441,0.0023,0.0008,-0.0023,0,0,0,0
1,3.7299,373,0.3904,-0.8169,0.4258,1.057,-0.2536,1.0465,6.7524,-8.2724,-70.2426,117.6366,23.1842,149.4897,0.2993,-0.1201,-0.8359,-0.4441,0.0034,0.0025,0.0006,0,0,0,0
1,3.7399,374,0.3789,-0.8019,0.4302,0.9908,-0.8221,1.2592,6.6647,-8.4771,-69.7457,117.6409,23.1768,149.4754,0.2993,-0.1203,-0.8359,-0.444,0.0147,-0.0125,-0.0037,0,0,0,0
1,3.7499,375,0.3697,-0.7855,0.435,0.6663,-0.9277,0.5371,6.9863,-8.7109,-69.4534,117.643,23.1763,149.4638,0.2993,-0.1204,-0.8359,-0.444,0.0239,-0.0289,-0.0085,0,0,0,0
1,3.7599,376,0.3741,-0.7893,0.4411,0.6702,-0.1197,-0.5248,6.577,-8.7109,-69.8626,117.7621,23.1444,149.5842,0.2985,-0.12,-0.8365,-0.4435,0.0194,-0.0248,-0.0142,0,0,0,0
1,3.7699,377,0.3823,-0.8002,0.4353,0.0022,0.1791,-1.035,6.577,-8.7109,-69.8626,117.7649,23.1528,149.5911,0.2986,-0.1199,-0.8365,-0.4435,0.0108,-0.0134,-0.007,0,0,0,0
1,3.7799,378,0.3988,-0.8128,0.4264,-0.4211,-0.8919,-1.3621,6.6939,-10.0848,-70.0965,117.7599,23.169,149.5893,0.2987,-0.1198,-0.8365,-0.4435,-0.0055,-0.0007,0.0018,0,0,0,0
1,3.7899,379,0.409,-0.8261,0.4344,-0.159,-0.8431,-1.1997,7.1324,-10.5817,-70.3888,117.7575,23.1835,149.5872,0.2988,-0.1197,-0.8365,-0.4435,-0.0154,0.0126,-0.0063,0,0,0,0
1,3.7999,380,0.4107,-0.8278,0.4346,-0.0753,-0.885,-0.816,7.1032,-9.1201,-70.3303,117.755,23.1948,149.5828,0.2989,-0.1197,-0.8365,-0.4434,-0.0169,0.0144,-0.0065,0,0,0,0
1,3.8099,381,0.4071,-0.8189,0.4307,-0.4766,-0.3663,-0.3588,6.8986,-8.6232,-70.1549,117.7924,23.2811,149.6646,0.2991,-0.1188,-0.8367,-0.4431,-0.0129,0.0057,-0.0027,0,0,0,0
1,3.8199,382,0.3996,-0.8062,0.4274,-0.3629,0.4726,-0.4254,6.6647,-8.0094,-70.4472,117.7914,23.2826,149.6713,0.2991,-0.1188,-0.8367,-0.4432,-0.0044,-0.0064,0.0009,0,0,0,0
1,3.8299,383,0.3927,-0.7946,0.4276,-1.1159,0.0615,-0.4999,6.6647,-8.0094,-70.4472,117.7814,23.2868,149.6744,0.2991,-0.1187,-0.8366,-0.4432,0.0026,-0.0181,0.0006,0,0,0,0
1,3.8399,384,0.3849,-0.7851,0.4299,-1.7252,-0.3103,-0.7974,7.4247,-8.214,-70.7688,117.7646,23.2953,149.6754,0.2992,-0.1186,-0.8366,-0.4433,0.0105,-0.0276,-0.0019,0,0,0,0
